provid,run_timestamp,t1_passes,t1_gls_period_hr,t1_gls_power,t1_snr,t1_n_obs,t1_reject_reason,t2_passes,t2_to_tier3,t2_mhaov_period_hr,t2_mbls_period_hr,t2_ce_period_hr,t2_consensus_period_hr,t2_F_stat,t2_p_value,t2_amplitude_mag,t2_agreement,t2_period_spread_pct,t3_ran,t3_publish_tentative,t3_needs_followup,t3_adopted_period_hr,t3_clean_period_hr,t3_ci_lo,t3_ci_hi,t3_ci_width,t3_clean_peak_ratio,final_period_hr,final_period_unc_hr,reliability,r_code,r_flag,alias_risk,alias_note,lcdb_agreement,lcdb_delta_pct,reliability_notes,period_exceeds_grid,n_cycles,regime,n_nights,n_seasons,obs_per_night_median,night_duration_hr,reliability_ceiling,recommended_methods,lcdb_period_hr,lcdb_u_code,n_bands,baseline_hr,bands_used
2025 MA19,2026-03-20T18:34:22.552161+00:00,True,5.458454227113556,0.6914710517573004,19.22067642616512,427,,True,False,8.880272976817686,8.87590347833599,8.880272976817686,8.880272976817686,224.87594215037313,1.1102230246251565e-16,1.4992127612408794,True,0.0004920455140401433,False,,,,,,,,,8.880272976817686,0.004369498481695052,confirmed,3,3,False,,no_prior,,"All 3 methods agree (spread=0.0%), p=1.11e-16, dense regime. High confidence.",False,24.4,dense,6,1,67.5,2.8320833333709743,high,"gls,mbls,mhaov,ce,clean",,0,3,216.81055555556668,"Lg,Li,Lr"
2025 MA45,2026-03-20T18:34:28.178826+00:00,True,0.790065032516258,0.6313791952704834,17.085037659347826,119,,True,False,0.8453464477348313,1.6332219566749442,0.8453464477348313,1.6332219566749442,82.75955607559803,1.1102230246251565e-16,1.0251022595608694,True,0.03399253581101688,False,,,,,,,,,1.6332219566749442,0.05551735584961211,confirmed,2,2,False,,no_prior,,"All 3 methods agree (spread=3.4%), p=1.11e-16, sparse regime. Moderate confidence.",False,177.0,sparse,7,1,16.0,2.360000000044238,medium,"mbls,mhaov,clean",,0,3,289.0527777778334,"Lg,Li,Lr"
2025 MA46,2026-03-20T18:34:38.781370+00:00,True,2.93824412206103,0.3812745416516644,9.902095829302409,289,,True,False,5.874472310231785,5.869877753149461,5.874472310231785,5.874472310231785,60.082432639097505,1.1102230246251565e-16,1.2377619786628011,True,0.0007821225192126561,False,,,,,,,,,5.874472310231785,0.004594557082323475,confirmed,3,3,False,,no_prior,,"All 3 methods agree (spread=0.1%), p=1.11e-16, dense regime. High confidence.",False,49.2,dense,7,1,25.0,2.6561111112241633,high,"gls,mbls,mhaov,ce,clean",,0,3,289.0527777778334,"Lg,Li,Lr"
2025 MC34,2026-03-20T18:34:59.695053+00:00,True,5.074422211105552,0.38275977728635097,11.929064537658844,302,,False,True,10.155654579603956,8.369854596650232,10.155654579603956,10.155654579603956,61.38040244814128,1.1102230246251565e-16,1.3300906959489611,False,0.17584292267482676,True,0.0,1.0,8.369854596650232,8.935309656357036,8.353058901807456,8.386650291493007,0.033591389685550865,1.3959215339426585,,,followup_needed,0,0,False,,no_prior,,No reliable period. Methods disagree at Tier 2 and Tier 3 could not resolve ambiguity. More observations needed.,False,,dense,7,1,25.0,2.432500000228174,high,"gls,mbls,mhaov,ce,clean",,0,3,289.1241666666465,"Lg,Li,Lr"
2025 MD38,2026-03-20T18:35:20.795951+00:00,True,3.394282141070535,0.3001709787647203,20.140461392538114,425,,True,False,4.754069881183116,9.489934864934748,4.754069881183116,9.489934864934748,110.26322693560297,1.1102230246251565e-16,1.7723606025433538,True,0.0019146644755411244,False,,,,,,,,,9.489934864934748,0.01817004116108972,confirmed,3,3,False,,no_prior,,"All 3 methods agree (spread=0.2%), p=1.11e-16, dense regime. High confidence.",False,30.5,dense,7,1,40.0,2.653888889006339,high,"gls,mbls,mhaov,ce,clean",,0,3,289.11111111118225,"Lg,Li,Lr"
2025 MD40,2026-03-20T18:35:39.313561+00:00,True,2.0021660830415207,0.565512090676169,9.818508863899838,389,,True,False,4.3703298063773435,4.002878324010267,4.3703298063773435,4.3703298063773435,130.29354933149588,1.1102230246251565e-16,1.276406152306979,True,0.08407866194235351,False,,,,,,,,,4.3703298063773435,0.36745148236699193,confirmed,3,3,False,,no_prior,,"All 3 methods agree (spread=8.4%), p=1.11e-16, dense regime. High confidence.",False,66.2,dense,7,1,33.0,2.714166666730307,high,"gls,mbls,mhaov,ce,clean",,0,3,289.1594444444636,"Lg,Li,Lr"
2025 MD67,2026-03-20T18:35:45.012401+00:00,True,2.6142171085542767,0.5748361712353341,14.55782075312288,210,,False,True,11.68616775144119,2.932526224535044,11.68616775144119,11.68616775144119,99.41129278182599,1.1102230246251565e-16,0.844353603681127,False,0.7490600608420891,True,False,True,2.932526224535044,2.3617134276523033,2.909075720686001,2.955976728384087,0.046901007698085806,4.4759544368554725,,,followup_needed,0,0,False,,no_prior,,No reliable period. Methods disagree at Tier 2 and Tier 3 could not resolve ambiguity. More observations needed.,False,,dense,3,1,68.0,2.9500000000116415,high,"gls,mbls,mhaov,ce,clean",,0,3,50.7677777778008,"Lg,Li,Lr"
2025 MD76,2026-03-20T18:36:10.596175+00:00,True,4.462371185592795,0.4947820614011198,12.629583913318083,386,,False,True,4.461833369782965,10.989443521791264,4.461833369782965,4.461833369782965,123.59703130554232,1.1102230246251565e-16,1.1998104717652178,False,1.4629883303607898,True,False,True,10.989443521791264,4.464817873709241,10.967391126764259,11.01149591681827,0.04410479005401058,1.9584105959613323,,,followup_needed,0,0,False,,no_prior,,No reliable period. Methods disagree at Tier 2 and Tier 3 could not resolve ambiguity. More observations needed.,False,,dense,7,1,36.0,2.714166666730307,high,"gls,mbls,mhaov,ce,clean",,0,3,288.9563888889388,"Lg,Li,Lr"
2025 ME15,2026-03-20T18:36:27.741439+00:00,True,4.342361180590294,0.4220475497483257,19.35258560669821,324,,True,False,7.344064214793212,8.0688669777605,7.344064214793212,7.344064214793212,69.73657011707805,1.1102230246251565e-16,1.683674947782744,True,0.09869232372821751,False,,,,,,,,,7.344064214793212,0.7248027629671893,confirmed,3,3,False,,no_prior,,"All 3 methods agree (spread=9.9%), p=1.11e-16, dense regime. High confidence.",False,39.4,dense,7,1,22.0,2.141111110977363,high,"gls,mbls,mhaov,ce,clean",,0,3,288.9922222222667,"Lg,Li,Lr"
2025 ME24,2026-03-20T18:36:44.887279+00:00,True,1.462121060530265,0.25321378619012946,7.6689664346197945,361,,True,False,2.6173898142246297,2.7684951027312565,2.6173898142246297,2.6173898142246297,48.64781312174658,1.1102230246251565e-16,0.9739587371967139,True,0.05773128927352086,False,,,,,,,,,2.6173898142246297,0.15110528850656912,confirmed,2,2,False,,no_prior,,"All 3 methods agree (spread=5.8%), p=1.11e-16, dense regime. High confidence.",False,110.4,dense,7,1,30.0,2.667777777824085,high,"gls,mbls,mhaov,ce,clean",,0,3,288.85222222219454,"Lg,Li,Lr"
2025 ME68,2026-03-20T18:36:53.856527+00:00,True,0.502041020510255,0.12905395126890531,7.050174481971538,184,,True,False,0.9287583564342424,0.9287583564342424,0.9287583564342424,0.9287583564342424,44.78379021018436,1.1102230246251565e-16,1.1174526553924888,True,0.0,False,,,,,,,,,0.9287583564342424,0.0,confirmed,2,2,False,,no_prior,,"All 3 methods agree (spread=0.0%), p=1.11e-16, sparse regime. Moderate confidence.",False,311.2,sparse,7,1,17.0,1.7216666667954996,medium,"mbls,mhaov,clean",,0,3,288.9922222222667,"Lg,Li,Lr"
2025 MF76,2026-03-20T18:36:57.986277+00:00,True,2.0261680840420206,0.3190033874822378,8.624651304646411,213,,True,False,2.028021718418116,4.056043436836232,2.028021718418116,4.056043436836232,48.241849930953144,1.1102230246251565e-16,0.3449860521858565,True,0.0,False,,,,,,,,,4.056043436836232,0.0,confirmed,2,2,False,,no_prior,,"All 3 methods agree (spread=0.0%), p=1.11e-16, dense regime. High confidence.",False,35.6,dense,5,1,52.0,2.6552777778706513,high,"gls,mbls,mhaov,ce,clean",,0,3,144.39750000002095,"Lg,Li,Lr"
2025 MG17,2026-03-20T18:37:07.796337+00:00,True,2.3501950975487738,0.5479324997495667,9.177204685645748,272,,True,False,2.138537110473007,4.2769596613159155,2.138537110473007,4.2769596613159155,88.80561358792893,1.1102230246251565e-16,0.7617079889085971,True,2.678457847132908e-05,False,,,,,,,,,4.2769596613159155,0.00011455656166722517,confirmed,3,3,False,,no_prior,,"All 3 methods agree (spread=0.0%), p=1.11e-16, dense regime. High confidence.",False,33.7,dense,5,1,71.0,2.629999999946449,high,"gls,mbls,mhaov,ce,clean",,0,3,144.33749999996508,"Lg,Li,Lr"
2025 MG56,2026-03-20T18:37:22.345464+00:00,True,0.13001000500250123,0.13236810857959497,13.43222656872743,212,,True,False,0.13448655639057722,0.26897311278115443,0.13448655639057722,0.26897311278115443,28.464493555621257,1.1102230246251565e-16,1.195468164616741,True,0.0,False,,,,,,,,,0.26897311278115443,0.0,confirmed,2,2,False,,no_prior,,"All 3 methods agree (spread=0.0%), p=1.11e-16, dense regime. High confidence.",False,1075.0,dense,7,1,28.0,2.6561111112241633,high,"gls,mbls,mhaov,ce,clean",,0,3,289.13638888893183,"Lg,Li,Lr"
2025 MH40,2026-03-20T18:37:39.146715+00:00,True,2.9982491245622804,0.424876033041407,20.239101267885474,362,,True,False,2.2003496440769217,4.836300639292046,2.2003496440769217,4.836300639292046,89.20102934104075,1.1102230246251565e-16,1.224465626707071,True,0.09898457554477534,False,,,,,,,,,4.836300639292046,0.4787191659872488,confirmed,3,3,False,,no_prior,,"All 3 methods agree (spread=9.9%), p=1.11e-16, dense regime. High confidence.",False,44.9,dense,6,1,57.5,2.820416666683741,high,"gls,mbls,mhaov,ce,clean",,0,3,216.91749999986496,"Lg,Li,Lr"
2025 MH69,2026-03-20T18:37:53.082423+00:00,True,2.95024512256128,0.593707871690066,9.492664538052344,278,,False,True,5.247870580915443,6.7180472522268895,5.247870580915443,5.247870580915443,138.14013627412538,1.1102230246251565e-16,1.0631784282618626,False,0.2801472804336398,True,False,True,6.7180472522268895,4.682715287586087,6.7075164082518075,6.7285780962019714,0.021061687950163055,3.2330802197677557,,,followup_needed,0,0,False,,no_prior,,No reliable period. Methods disagree at Tier 2 and Tier 3 could not resolve ambiguity. More observations needed.,False,,dense,7,1,20.0,2.6908333333558403,high,"gls,mbls,mhaov,ce,clean",,0,3,288.9791666668025,"Lg,Li,Lr"
2025 MH75,2026-03-20T18:38:11.935499+00:00,True,1.94216108054027,0.5507212238601463,11.167638251307476,399,,True,False,2.1153179061142047,4.232355846896616,2.1153179061142047,4.232355846896616,148.2468790632502,1.1102230246251565e-16,0.9157463366072132,True,0.00040656647004089214,False,,,,,,,,,4.232355846896616,0.0017207339766296876,confirmed,3,3,False,,no_prior,,"All 3 methods agree (spread=0.0%), p=1.11e-16, dense regime. High confidence.",False,68.3,dense,7,1,31.0,2.667777777824085,high,"gls,mbls,mhaov,ce,clean",,0,3,288.875555555569,"Lg,Li,Lr"
2025 MH86,2026-03-20T18:38:31.807695+00:00,True,2.1941820910455223,0.46691126140165456,12.773363329047607,456,,True,False,2.193886410818508,4.389689126629803,2.193886410818508,4.389689126629803,113.37651033474009,1.1102230246251565e-16,1.2517896062466656,True,0.0004367375136964524,False,,,,,,,,,4.389689126629803,0.0019171419150646517,confirmed,2,2,False,,no_prior,,"All 3 methods agree (spread=0.0%), p=1.11e-16, dense regime. High confidence.",False,65.8,dense,7,1,37.0,2.691111111198552,high,"gls,mbls,mhaov,ce,clean",,0,3,288.85222222219454,"Lg,Li,Lr"
2025 MJ13,2026-03-20T18:38:43.912022+00:00,True,2.4222011005502746,0.5346859580830615,10.034382800442506,114,,False,True,4.393276843651775,6.835845695399477,4.393276843651775,4.393276843651775,34.67573764602527,1.1102230246251565e-16,0.9934038972438081,False,0.5559788146009109,True,False,True,6.835845695399477,3.6380446370842128,6.822128279288308,6.849563111510645,0.02743483222233678,1.0744350189648375,,,followup_needed,0,0,False,,no_prior,,No reliable period. Methods disagree at Tier 2 and Tier 3 could not resolve ambiguity. More observations needed.,False,,dense,5,1,26.0,1.7591666666558012,high,"gls,mbls,mhaov,ce,clean",,0,3,240.48527777788695,"Lg,Li,Lr"
2025 MJ21,2026-03-20T18:38:50.539235+00:00,True,1.6901400700350173,0.6159265509398235,11.14715662048034,256,,True,False,1.6913595922542741,3.3827191845085482,1.6913595922542741,3.3827191845085482,106.99664554100679,1.1102230246251565e-16,0.590799300885458,True,0.0,False,,,,,,,,,3.3827191845085482,0.0,confirmed,2,2,False,,no_prior,,"All 3 methods agree (spread=0.0%), p=1.11e-16, dense regime. High confidence.",False,28.9,dense,4,1,75.5,2.779305555653991,high,"gls,mbls,mhaov,ce,clean",,0,3,97.90861111111008,"Lg,Li,Lr"
2025 MJ23,2026-03-20T18:38:54.324517+00:00,True,2.8182341170585286,0.6814589403275411,12.99181141874526,121,,False,True,3.1974680130033866,5.657319864374137,3.1974680130033866,3.1974680130033866,76.94348267606883,1.1102230246251565e-16,1.0913121591746018,False,0.7693124188784107,True,False,True,5.657319864374137,3.173941492506372,5.645967383040946,5.668672345707328,0.022704962666381334,6.863319722866028,,,followup_needed,0,0,False,,no_prior,,No reliable period. Methods disagree at Tier 2 and Tier 3 could not resolve ambiguity. More observations needed.,False,,dense,3,1,43.0,2.726666666683741,high,"gls,mbls,mhaov,ce,clean",,0,3,51.032222222245764,"Lg,Li,Lr"
2025 MJ30,2026-03-20T18:39:10.032722+00:00,True,2.5062081040520257,0.666825395847674,11.390100976537338,270,,False,True,2.5058335291041334,5.6013858085287485,2.5058335291041334,2.5058335291041334,139.22793621994305,1.1102230246251565e-16,1.0364991888648978,False,1.2353383588614038,True,False,True,5.6013858085287485,2.5041573862753013,5.59014556944809,5.612626047609407,0.022480478161316597,1.0762923506759077,,,followup_needed,0,0,False,,no_prior,,No reliable period. Methods disagree at Tier 2 and Tier 3 could not resolve ambiguity. More observations needed.,False,,dense,7,1,27.0,2.6908333333558403,high,"gls,mbls,mhaov,ce,clean",,0,3,288.8763888889225,"Lg,Li,Lr"
2025 MJ71,2026-03-20T18:39:24.678780+00:00,True,18.815567783891947,0.0896487844823343,8.064744291014211,243,,False,True,7.084014323305665,18.125209775985383,7.084014323305665,7.084014323305665,6.9296633206197935,2.716311124162374e-05,1.185517410779089,False,1.5586071609643395,True,False,True,18.125209775985383,21.75025173118246,18.088838117572035,18.16158143439873,0.07274331682669555,7.473296934004844,,,followup_needed,0,0,False,,no_prior,,No reliable period. Methods disagree at Tier 2 and Tier 3 could not resolve ambiguity. More observations needed.,False,,dense,5,1,49.0,2.7247222223086283,high,"gls,mbls,mhaov,ce,clean",,0,3,144.5163888889365,"Lg,Li,Lr"
2025 MJ79,2026-03-20T18:39:29.619711+00:00,True,0.5140420210105052,0.22227478451720858,3.1631178516963687,56,,True,False,0.49279197954178955,0.9855839590835791,0.49279197954178955,0.9855839590835791,6.150608372127921,0.00040623266745942743,0.5978292739706137,True,0.0,False,,,,,,,,,0.9855839590835791,0.0,confirmed,2,2,False,,no_prior,,"All 3 methods agree (spread=0.0%), p=4.06e-04, sparse regime. Moderate confidence.",False,146.3,sparse,4,1,8.0,1.9804166666872334,medium,"mbls,mhaov,clean",,0,2,144.23277777788462,"Lg,Li,Lr"
2025 MK23,2026-03-20T18:39:40.282896+00:00,True,3.0942571285642817,0.39644826500067576,17.11257632653365,106,,True,False,6.174944387934509,6.180693169576758,6.174944387934509,6.174944387934509,25.321203503164647,1.532107773982716e-14,1.360449817959425,True,0.000930985168624386,False,,,,,,,,,6.174944387934509,0.0057487816422474155,confirmed,2,2,False,,no_prior,,"All 3 methods agree (spread=0.1%), p=1.53e-14, sparse regime. Moderate confidence.",False,46.8,sparse,7,1,14.0,2.1480555554735474,medium,"mbls,mhaov,clean",,0,3,289.04055555554805,"Lg,Li,Lr"
2025 MK41,2026-03-20T18:39:41.140317+00:00,False,2.1101750875437713,0.039855241466727864,12.475998462943089,403,GLS power=0.040 too low — no periodic signal,,,,,,,,,,,,False,,,,,,,,,,,t1_rejected,0,0,False,,no_prior,,Tier 1 failed: GLS power=0.040 too low — no periodic signal,False,,dense,7,1,30.0,2.140277777798474,high,"gls,mbls,mhaov,ce,clean",,0,3,289.0866666667862,"Lg,Li,Lr"
2025 MK68,2026-03-20T18:39:42.919174+00:00,True,2.8302351175587788,0.4654820710913732,18.189111505554997,135,,True,False,2.5301010096214775,5.555205386793421,2.5301010096214775,5.555205386793421,72.59409565343995,1.1102230246251565e-16,0.9822120212999699,True,0.09782284692744829,False,,,,,,,,,5.555205386793421,0.543426006202829,confirmed,3,3,False,,no_prior,,"All 3 methods agree (spread=9.8%), p=1.11e-16, dense regime. High confidence.",False,9.2,dense,3,1,43.0,2.903333333437331,high,"gls,mbls,mhaov,ce,clean",,0,3,51.032222222245764,"Lg,Li,Lr"
2025 MK83,2026-03-20T18:40:06.097538+00:00,True,3.0462531265632813,0.32798691850042216,12.017377671510188,328,,False,True,3.4917039671841,6.085619045247078,3.4917039671841,3.4917039671841,42.254607162111036,1.1102230246251565e-16,1.1416508787934678,False,0.7428794372147504,True,False,True,6.085619045247078,3.045606671042185,6.073407100674677,6.09783098981948,0.024423889144803645,2.1384479801660277,,,followup_needed,0,0,False,,no_prior,,No reliable period. Methods disagree at Tier 2 and Tier 3 could not resolve ambiguity. More observations needed.,False,,dense,7,1,34.0,2.691111111198552,high,"gls,mbls,mhaov,ce,clean",,0,3,289.14722222217824,"Lg,Li,Lr"
2025 MK88,2026-03-20T18:40:19.405344+00:00,True,1.1980990495247623,0.3371028131820921,8.570233589596127,218,,True,False,1.2611249562420848,2.5232080649805355,1.2611249562420848,2.5232080649805355,23.408572156570234,4.440892098500626e-16,1.1269857170318907,True,0.0003798800791401068,False,,,,,,,,,2.5232080649805355,0.0009585164794117617,confirmed,2,2,False,,no_prior,,"All 3 methods agree (spread=0.0%), p=4.44e-16, dense regime. High confidence.",False,114.5,dense,7,1,29.0,2.691111111198552,high,"gls,mbls,mhaov,ce,clean",,0,3,288.81805555557366,"Lg,Li,Lr"
2025 ML10,2026-03-20T18:40:32.523544+00:00,True,4.474372186093046,0.40435224296049166,15.120381169341341,264,,False,True,11.00357177569542,8.2001853948178,11.00357177569542,11.00357177569542,79.8705075639832,1.1102230246251565e-16,1.5271584981034756,False,0.2547705815914663,True,False,True,8.2001853948178,7.141566143179113,8.183730173289735,8.216640616345863,0.032910443056126226,1.0101629622561101,,,followup_needed,0,0,False,,no_prior,,No reliable period. Methods disagree at Tier 2 and Tier 3 could not resolve ambiguity. More observations needed.,False,,dense,5,1,77.0,2.94972222216893,high,"gls,mbls,mhaov,ce,clean",,0,3,144.2675000000163,"Lg,Li,Lr"
2025 ML17,2026-03-20T18:40:42.234213+00:00,True,3.358279139569784,0.5025525623332906,8.896301699370863,240,,True,False,6.72899461943664,6.729769451441151,6.72899461943664,6.72899461943664,72.01345647532172,1.1102230246251565e-16,1.1609673717678977,True,0.00011514825740432731,False,,,,,,,,,6.72899461943664,0.0007748320045112237,confirmed,2,2,False,,no_prior,,"All 3 methods agree (spread=0.0%), p=1.11e-16, sparse regime. Moderate confidence.",False,43.0,sparse,7,1,19.0,1.7591666666558012,medium,"mbls,mhaov,clean",,0,3,289.1102777776541,"Lg,Li,Lr"
2025 ML35,2026-03-20T18:41:01.030279+00:00,True,19.103591795897948,0.5840350584157077,11.67189442518947,401,,True,False,21.26255831780251,21.28699120646056,21.26255831780251,21.26255831780251,183.24367531713793,1.1102230246251565e-16,1.2605645979204627,True,0.0011491038986399637,False,,,,,,,,,21.26255831780251,0.024432888658046454,confirmed,3,3,False,,no_prior,,"All 3 methods agree (spread=0.1%), p=1.11e-16, dense regime. High confidence.",False,13.6,dense,7,1,32.0,2.67944444459863,high,"gls,mbls,mhaov,ce,clean",,0,3,288.8405555555946,"Lg,Li,Lr"
2025 ML52,2026-03-20T18:41:27.626986+00:00,True,3.8623211605802896,0.5765442505557863,11.698445949137435,425,,False,True,4.599865619673731,11.459597525373766,4.599865619673731,4.599865619673731,136.6569999319416,1.1102230246251565e-16,1.158146148964606,False,1.491289631670828,True,False,True,11.459597525373766,3.8583488207831835,11.436601677496762,11.48259337325077,0.04599169575400808,17.05947955884825,,,followup_needed,0,0,False,,no_prior,,No reliable period. Methods disagree at Tier 2 and Tier 3 could not resolve ambiguity. More observations needed.,False,,dense,7,1,33.0,2.691111111198552,high,"gls,mbls,mhaov,ce,clean",,0,3,288.8641666666372,"Lg,Li,Lr"
2025 ML53,2026-03-20T18:41:38.531329+00:00,True,2.182181090545272,0.4769162090323786,13.196535202746416,83,,False,True,3.946319437493796,4.726698445074184,3.946319437493796,3.946319437493796,29.213148353329682,7.549516567451064e-15,1.016133210611474,False,0.19774856545211347,True,False,True,4.726698445074184,3.6005215469843064,4.718865448817386,4.734531441330981,0.015665992513596017,1.9530830322233292,,,followup_needed,0,0,False,,no_prior,,No reliable period. Methods disagree at Tier 2 and Tier 3 could not resolve ambiguity. More observations needed.,False,,sparse,6,1,13.0,2.0412500000966247,medium,"mbls,mhaov,clean",,0,3,289.04027777787996,"Lg,Li,Lr"
2025 MM37,2026-03-20T18:41:53.000031+00:00,True,2.0021660830415207,0.3151170500404004,9.637365852909841,290,,True,False,2.0042145333180144,3.699233709002785,2.0042145333180144,3.699233709002785,46.18531605512061,1.1102230246251565e-16,0.6360661462920496,True,0.0771362926705476,False,,,,,,,,,3.699233709002785,0.28534517403439413,confirmed,2,2,False,,no_prior,,"All 3 methods agree (spread=7.7%), p=1.11e-16, dense regime. High confidence.",False,58.6,dense,6,1,43.0,2.110555555613246,high,"gls,mbls,mhaov,ce,clean",,0,3,216.62055555568077,"Lg,Li,Lr"
2025 MM81,2026-03-20T18:42:09.841810+00:00,True,0.5380440220110054,0.7279097462793406,14.595321707164395,384,,True,False,0.5507516492276211,1.1013198784228846,0.5507516492276211,1.1013198784228846,288.49349399325484,1.1102230246251565e-16,1.4084485447413642,True,0.0001665179147576495,False,,,,,,,,,1.1013198784228846,0.00018338948963612678,confirmed,2,2,False,,no_prior,,"All 3 methods agree (spread=0.0%), p=1.11e-16, dense regime. High confidence.",False,196.9,dense,7,1,38.0,2.9383333334117197,high,"gls,mbls,mhaov,ce,clean",,0,3,216.86000000004424,"Lg,Li,Lr"
2025 MM82,2026-03-20T18:42:34.916827+00:00,True,2.5062081040520257,0.6035934120954889,12.237521748557727,403,,False,True,2.5076813533875235,5.607783755470117,2.5076813533875235,2.5076813533875235,145.4687284540632,1.1102230246251565e-16,1.2359896966043304,False,1.2362425544591447,True,False,True,5.607783755470117,2.267816180454804,5.596530677699945,5.61903683324029,0.022506155540344963,1.6073118318201232,,,followup_needed,0,0,False,,no_prior,,No reliable period. Methods disagree at Tier 2 and Tier 3 could not resolve ambiguity. More observations needed.,False,,dense,7,1,35.0,2.714166666730307,high,"gls,mbls,mhaov,ce,clean",,0,3,288.8763888889225,"Lg,Li,Lr"
2025 MN25,2026-03-20T18:42:45.603972+00:00,True,0.17801400700350173,0.1306769106884624,11.594274933638058,317,,True,False,0.3611697501058928,0.3611697501058928,0.3611697501058928,0.3611697501058928,58.73188407171529,1.1102230246251565e-16,1.1014561186956155,True,0.0,False,,,,,,,,,0.3611697501058928,0.0,confirmed,2,2,False,,no_prior,,"All 3 methods agree (spread=0.0%), p=1.11e-16, dense regime. High confidence.",False,800.4,dense,7,1,24.0,2.6561111112241633,high,"gls,mbls,mhaov,ce,clean",,0,3,289.07472222234355,"Lg,Li,Lr"
2025 MN37,2026-03-20T18:43:11.063970+00:00,True,2.650220110055027,0.45967189346730064,29.06526752033983,391,,False,True,5.969787304193119,3.980089850911502,5.969787304193119,5.969787304193119,170.68995596306883,1.1102230246251565e-16,1.4532633760169915,False,0.3332945299213156,True,False,True,3.980089850911502,3.407702347268711,3.9721030485350903,3.988076653287914,0.01597360475282361,5.954538363157607,,,followup_needed,0,0,False,,no_prior,,No reliable period. Methods disagree at Tier 2 and Tier 3 could not resolve ambiguity. More observations needed.,False,,dense,6,1,58.5,2.8350000001082662,high,"gls,mbls,mhaov,ce,clean",,0,3,216.83527777780546,"Lg,Li,Lr"
2025 MN45,2026-03-20T18:43:11.894296+00:00,False,3.4782891445722854,0.020693032592146655,13.04471788004889,495,GLS power=0.021 too low — no periodic signal,,,,,,,,,,,,False,,,,,,,,,,,t1_rejected,0,0,False,,no_prior,,Tier 1 failed: GLS power=0.021 too low — no periodic signal,False,,dense,7,1,33.0,2.432500000228174,high,"gls,mbls,mhaov,ce,clean",,0,3,289.0988888888969,"Lg,Li,Lr"
2025 MN7,2026-03-20T18:43:34.353438+00:00,True,5.290440220110054,0.615364709229095,12.974501262073188,347,,False,True,13.660098535111498,10.57803556001437,13.660098535111498,13.660098535111498,103.01275008680906,1.1102230246251565e-16,1.232577619896953,False,0.22562523741500556,True,False,True,10.57803556001437,8.462428448011497,10.55680873280364,10.599262387225101,0.042453654421461096,2.912960302694074,,,followup_needed,0,0,False,,no_prior,,No reliable period. Methods disagree at Tier 2 and Tier 3 could not resolve ambiguity. More observations needed.,False,,dense,7,1,30.0,2.6908333333558403,high,"gls,mbls,mhaov,ce,clean",,0,3,289.0527777778334,"Lg,Li,Lr"
2025 MO35,2026-03-20T18:43:55.611418+00:00,True,3.142261130565282,0.6877722582927839,16.31154318447586,405,,True,False,6.28567664666883,6.287789221986199,6.28567664666883,6.28567664666883,231.48652826736927,1.1102230246251565e-16,0.9623810478840755,True,0.00033609354030141535,False,,,,,,,,,6.28567664666883,0.002112575317368856,confirmed,3,3,False,,no_prior,,"All 3 methods agree (spread=0.0%), p=1.11e-16, dense regime. High confidence.",False,46.0,dense,7,1,36.0,2.691111111198552,high,"gls,mbls,mhaov,ce,clean",,0,3,289.0633333332371,"Lg,Li,Lr"
2025 MO39,2026-03-20T18:43:58.717737+00:00,True,2.746228114057028,0.2880140281457327,16.869016055285346,122,,False,True,2.468389020869372,7.080315095735902,2.468389020869372,2.468389020869372,45.90322642135444,1.1102230246251565e-16,1.391693824561041,False,1.8683951499834213,True,False,True,7.080315095735902,2.7408199161492695,7.066107105577236,7.094523085894567,0.02841598031733028,1.506397426739465,,,followup_needed,0,0,False,,no_prior,,No reliable period. Methods disagree at Tier 2 and Tier 3 could not resolve ambiguity. More observations needed.,False,,dense,3,1,38.0,2.7855555557180196,high,"gls,mbls,mhaov,ce,clean",,0,3,51.032222222245764,"Lg,Li,Lr"
2025 MO47,2026-03-20T18:44:14.563013+00:00,True,4.5703801900950465,0.5167689558199862,8.082027514917126,276,,True,False,4.571693622465643,9.147681355623284,4.571693622465643,9.147681355623284,57.43148389078562,1.1102230246251565e-16,1.2082631134801103,True,0.00046964112718485095,False,,,,,,,,,9.147681355623284,0.004296127382982765,confirmed,3,3,False,,no_prior,,"All 3 methods agree (spread=0.0%), p=1.11e-16, dense regime. High confidence.",False,31.6,dense,7,1,22.0,1.7591666666558012,high,"gls,mbls,mhaov,ce,clean",,0,3,288.9108333333861,"Lg,Li,Lr"
2025 MO79,2026-03-20T18:44:27.344281+00:00,True,3.5502951475737863,0.36307707583572996,7.734223300420304,122,,False,True,3.095986986782975,5.479108516269646,3.095986986782975,3.095986986782975,26.700808108463285,9.992007221626409e-16,0.9745121358529583,False,0.7697453315080601,True,False,True,5.479108516269646,4.537214945245366,5.468113649681815,5.490103382857477,0.021989733175662884,2.1900424307264785,,,followup_needed,0,0,False,,no_prior,,No reliable period. Methods disagree at Tier 2 and Tier 3 could not resolve ambiguity. More observations needed.,False,,sparse,7,1,17.0,1.7591666666558012,medium,"mbls,mhaov,clean",,0,3,289.0280555555946,"Lg,Li,Lr"
2025 MP21,2026-03-20T18:44:50.368714+00:00,True,3.1182591295647817,0.5299889407309027,11.84295133886123,313,,False,True,3.1122972683877834,5.504130705284309,3.1122972683877834,3.1122972683877834,151.75142663099422,1.1102230246251565e-16,0.9948079124643434,False,0.768510598646884,True,False,True,5.504130705284309,3.110215464194882,5.4930856269459465,5.515175783622672,0.022090156676724426,2.225416348750861,,,followup_needed,0,0,False,,no_prior,,No reliable period. Methods disagree at Tier 2 and Tier 3 could not resolve ambiguity. More observations needed.,False,,dense,7,1,26.0,2.141111110977363,high,"gls,mbls,mhaov,ce,clean",,0,3,289.14722222217824,"Lg,Li,Lr"
2025 MP47,2026-03-20T18:45:11.931960+00:00,True,2.2061830915457725,0.4162310495367726,8.282927826738085,374,,True,False,2.206821470155327,4.412684787814287,2.206821470155327,4.412684787814287,101.01266790011374,1.1102230246251565e-16,0.6170781230919873,True,0.0002170888106093107,False,,,,,,,,,4.412684787814287,0.0009579444921804022,confirmed,3,3,False,,no_prior,,"All 3 methods agree (spread=0.0%), p=1.11e-16, dense regime. High confidence.",False,65.5,dense,7,1,31.0,2.6908333333558403,high,"gls,mbls,mhaov,ce,clean",,0,3,289.0869444444543,"Lg,Li,Lr"
2025 MP61,2026-03-20T18:45:27.139321+00:00,True,1.3901150575287642,0.4184605297027802,7.8663384311396145,264,,True,False,2.9558612956816948,2.9558612956816948,2.9558612956816948,2.9558612956816948,74.33926685576837,1.1102230246251565e-16,1.1917502723176516,True,0.0,False,,,,,,,,,2.9558612956816948,0.0,confirmed,3,3,False,,no_prior,,"All 3 methods agree (spread=0.0%), p=1.11e-16, dense regime. High confidence.",False,73.4,dense,6,1,39.0,2.741111111099599,high,"gls,mbls,mhaov,ce,clean",,0,3,216.8336111109238,"Lg,Li,Lr"
2025 MP67,2026-03-20T18:45:32.781342+00:00,True,3.5622961480740365,0.5058894399589398,12.541103626349877,194,,False,True,3.115945099669278,8.24621335980342,3.115945099669278,3.115945099669278,78.01487565782944,1.1102230246251565e-16,0.9844766346684652,False,1.6464565632677592,True,False,True,8.24621335980342,3.1180293438831037,8.229665774466023,8.262760945140817,0.033095170674794616,2.3270070780678602,,,followup_needed,0,0,False,,no_prior,,No reliable period. Methods disagree at Tier 2 and Tier 3 could not resolve ambiguity. More observations needed.,False,,dense,4,1,57.5,2.7850000000325963,high,"gls,mbls,mhaov,ce,clean",,0,3,98.90444444445893,"Lg,Li,Lr"
2025 MP71,2026-03-20T18:45:51.205422+00:00,True,4.582381190595297,0.6087645204929784,15.603635347893256,342,,True,False,4.551308804158885,9.091120845049291,4.551308804158885,9.091120845049291,137.77926589939628,1.1102230246251565e-16,0.7645781320467696,True,0.001263017272962457,False,,,,,,,,,9.091120845049291,0.011482242657886305,confirmed,3,3,False,,no_prior,,"All 3 methods agree (spread=0.1%), p=1.11e-16, dense regime. High confidence.",False,31.8,dense,7,1,33.0,2.6908333333558403,high,"gls,mbls,mhaov,ce,clean",,0,3,289.11111111118225,"Lg,Li,Lr"
2025 MQ58,2026-03-20T18:46:02.395372+00:00,True,1.366113056528264,0.378138663834292,9.678754486720718,287,,True,False,1.4481217464045062,3.083469789237205,1.4481217464045062,3.083469789237205,53.43980490068157,1.1102230246251565e-16,1.103378011486162,True,0.06464452898832088,False,,,,,,,,,3.083469789237205,0.19932945217495615,confirmed,3,3,False,,no_prior,,"All 3 methods agree (spread=6.5%), p=1.11e-16, dense regime. High confidence.",False,93.8,dense,7,1,21.0,2.6561111112241633,high,"gls,mbls,mhaov,ce,clean",,0,3,289.11111111118225,"Lg,Li,Lr"
2025 MR33,2026-03-20T18:46:25.412891+00:00,True,1.5221260630315157,0.3259828701853893,13.375264134915874,465,,True,False,1.6266601329532953,3.4938165425014693,1.6266601329532953,3.4938165425014693,80.51318044503532,1.1102230246251565e-16,0.8158911122298683,True,0.07392333276102674,False,,,,,,,,,3.4938165425014693,0.25827456287731604,confirmed,2,2,False,,no_prior,,"All 3 methods agree (spread=7.4%), p=1.11e-16, dense regime. High confidence.",False,82.7,dense,7,1,36.0,2.714166666730307,high,"gls,mbls,mhaov,ce,clean",,0,3,288.96861111122416,"Lg,Li,Lr"
2025 MS34,2026-03-20T18:46:34.747299+00:00,True,1.2821060530265131,0.4696341796144511,9.965305303581127,291,,True,False,2.3165835280902716,2.3158202693880328,2.3165835280902716,2.3165835280902716,111.91857600517947,1.1102230246251565e-16,1.1360448046082485,True,0.0003294760119734132,False,,,,,,,,,2.3165835280902716,0.000763258702238482,confirmed,3,3,False,,no_prior,,"All 3 methods agree (spread=0.0%), p=1.11e-16, dense regime. High confidence.",False,62.3,dense,5,1,66.0,2.691111111198552,high,"gls,mbls,mhaov,ce,clean",,0,3,144.3027777778334,"Lg,Li,Lr"
2025 MS7,2026-03-20T18:46:37.076442+00:00,True,2.2781890945472734,0.7448089992942716,9.876659678418283,111,,True,False,2.2777829768367144,4.555565953673429,2.2777829768367144,4.555565953673429,83.92451705025388,1.1102230246251565e-16,1.1259392033396844,True,0.0,False,,,,,,,,,4.555565953673429,0.0,confirmed,3,3,False,,no_prior,,"All 3 methods agree (spread=0.0%), p=1.11e-16, dense regime. High confidence.",False,11.2,dense,3,1,37.0,2.6552777778706513,high,"gls,mbls,mhaov,ce,clean",,0,3,51.032222222245764,"Lg,Li,Lr"
2025 MT24,2026-03-20T18:46:56.930466+00:00,True,4.450370185092545,0.7033629602006672,37.882191324623335,375,,True,False,7.507751166976681,7.5022056898976555,7.507751166976681,7.507751166976681,327.06920769532366,1.1102230246251565e-16,1.8562273749065437,True,0.0007386335742475249,False,,,,,,,,,7.507751166976681,0.005545477079025012,confirmed,3,3,False,,no_prior,,"All 3 methods agree (spread=0.1%), p=1.11e-16, dense regime. High confidence.",False,28.9,dense,6,1,55.0,2.834861111099599,high,"gls,mbls,mhaov,ce,clean",,0,3,216.88222222222248,"Lg,Li,Lr"
2025 MU10,2026-03-20T18:47:17.383980+00:00,True,3.7423111555777884,0.60346329666095,10.367651295075937,446,,False,True,3.7374565048773385,6.459925609890321,3.7374565048773385,3.7374565048773385,175.99819298820276,1.1102230246251565e-16,0.66352968288486,False,0.7284283045058751,True,False,True,6.459925609890321,3.734956533971066,6.446962548465793,6.472888671314848,0.025926122849056377,1.4213141429062026,,,followup_needed,0,0,False,,no_prior,,No reliable period. Methods disagree at Tier 2 and Tier 3 could not resolve ambiguity. More observations needed.,False,,dense,6,1,64.5,2.8381944444263354,high,"gls,mbls,mhaov,ce,clean",,0,3,146.5100000000093,"Lg,Li,Lr"
2025 MU15,2026-03-20T18:47:30.441452+00:00,True,15.203266633316657,0.09095935023867896,6.048276984040549,172,,True,False,0.2015186884672758,0.4030373769345516,0.2015186884672758,0.4030373769345516,21.528821146622914,2.4424906541753444e-14,0.9556277634784067,True,0.0,False,,,,,,,,,0.4030373769345516,0.0,confirmed,2,2,False,,no_prior,,"All 3 methods agree (spread=0.0%), p=2.44e-14, sparse regime. Moderate confidence.",False,717.4,sparse,7,1,19.0,2.442499999946449,medium,"mbls,mhaov,clean",,0,3,289.1238888888038,"Lg,Li,Lr"
2025 MU24,2026-03-20T18:47:53.204271+00:00,True,1.162096048024012,0.34835805461886477,10.254295530343283,457,,True,False,2.2157096485091494,2.215349365491273,2.2157096485091494,2.2157096485091494,71.65754048228315,1.1102230246251565e-16,0.9331408932612387,True,0.00016260389447626377,False,,,,,,,,,2.2157096485091494,0.0003602830178762212,confirmed,2,2,False,,no_prior,,"All 3 methods agree (spread=0.0%), p=1.11e-16, dense regime. High confidence.",False,97.8,dense,6,1,64.5,2.555972222413402,high,"gls,mbls,mhaov,ce,clean",,0,3,216.69472222222248,"Lg,Li,Lr"
2025 MU59,2026-03-20T18:48:20.088818+00:00,True,4.966413206603301,0.3783495398510875,16.321324682276757,481,,True,False,8.222329157807406,8.198853332735519,8.222329157807406,8.222329157807406,140.4995915370767,1.1102230246251565e-16,0.6691743119733471,True,0.002855130781232905,False,,,,,,,,,8.222329157807406,0.023475825071884757,confirmed,3,3,False,,no_prior,,"All 3 methods agree (spread=0.3%), p=1.11e-16, dense regime. High confidence.",False,35.2,dense,7,1,38.0,2.691111111198552,high,"gls,mbls,mhaov,ce,clean",,0,3,289.0988888888969,"Lg,Li,Lr"
2025 MU8,2026-03-20T18:48:30.988806+00:00,True,0.4420360180090045,0.2140170858843593,9.1980478184472,275,,True,False,0.8375449537879863,0.8229908613917291,0.8375449537879863,0.8375449537879863,84.04981106709177,1.1102230246251565e-16,1.1129637860321113,True,0.017377088036189245,False,,,,,,,,,0.8375449537879863,0.014554092396239891,confirmed,2,2,False,,no_prior,,"All 3 methods agree (spread=1.7%), p=1.11e-16, dense regime. High confidence.",False,345.0,dense,7,1,24.0,2.6908333333558403,high,"gls,mbls,mhaov,ce,clean",,0,3,288.95638888911344,"Lg,Li,Lr"
2025 MU9,2026-03-20T18:48:42.062339+00:00,True,2.446203101550775,0.3139660271725901,12.17957064726222,319,,True,False,4.4310237136603385,4.885862381274026,4.4310237136603385,4.885862381274026,62.93911897503977,1.1102230246251565e-16,1.0961613582535998,two_of_three,0.09309281189680003,False,,,,,,,,,4.885862381274026,0.45483866761359437,tentative_2of3,1,1,False,,no_prior,,"MHAOV+MBLS agree (Greenstreet-equivalent, spread=9.3%), CE disagrees. p=1.11e-16. Publish as tentative (R=1).",False,29.5,dense,5,1,82.0,2.9788888890179805,high,"gls,mbls,mhaov,ce,clean",,0,3,144.3377777778078,"Lg,Li,Lr"
2025 MV19,2026-03-20T18:48:49.858962+00:00,True,3.718309154577288,0.6941733525646802,16.276012227778747,237,,False,True,4.391998613740737,7.429793425103993,4.391998613740737,4.391998613740737,179.98570615632636,1.1102230246251565e-16,1.1393208559445125,False,0.6916657035952988,True,False,True,7.429793425103993,3.7192443110339624,7.414884140638904,7.444702709569082,0.029818568930178202,1.456274531262668,,,followup_needed,0,0,False,,no_prior,,No reliable period. Methods disagree at Tier 2 and Tier 3 could not resolve ambiguity. More observations needed.,False,,dense,5,1,50.0,2.629999999946449,high,"gls,mbls,mhaov,ce,clean",,0,3,144.25638888875255,"Lg,Li,Lr"
2025 MV31,2026-03-20T18:49:02.079555+00:00,True,2.9022411205602796,0.3915961577614643,9.953674398553495,271,,False,True,2.5903159246989733,5.801202402305223,2.5903159246989733,2.5903159246989733,57.418366709004864,1.1102230246251565e-16,1.0351821374495636,False,1.239573307251375,True,False,True,5.801202402305223,2.900460774545874,5.789561193471167,5.812843611139279,0.023282417668111677,3.8427154767182947,,,followup_needed,0,0,False,,no_prior,,No reliable period. Methods disagree at Tier 2 and Tier 3 could not resolve ambiguity. More observations needed.,False,,dense,5,1,67.0,2.973611111054197,high,"gls,mbls,mhaov,ce,clean",,0,3,144.4555555555271,"Lg,Li,Lr"
2025 MV38,2026-03-20T18:49:12.258426+00:00,True,2.3981990995497746,0.4831541760945829,11.435535344953655,241,,False,True,2.185169330080216,6.009097832663374,2.185169330080216,2.185169330080216,68.40746842349287,1.1102230246251565e-16,1.06350478708069,False,1.7499460796665283,True,False,True,6.009097832663374,2.4000321337737223,5.997039442363716,6.021156222963032,0.0241167805993161,12.76301588330372,,,followup_needed,0,0,False,,no_prior,,No reliable period. Methods disagree at Tier 2 and Tier 3 could not resolve ambiguity. More observations needed.,False,,dense,5,1,53.0,2.9600000000791624,high,"gls,mbls,mhaov,ce,clean",,0,3,144.25694444443798,"Lg,Li,Lr"
2025 MV4,2026-03-20T18:49:34.010756+00:00,True,2.9622461230615302,0.6184198227877603,9.174458394517297,339,,False,True,5.269166183457985,5.920740103820609,5.269166183457985,5.269166183457985,150.07823441100663,1.1102230246251565e-16,1.2844241752324217,False,0.12365788014203294,True,False,True,5.920740103820609,4.715815621048016,5.912879599351378,5.928600608289841,0.01572100893846251,1.0286458605234394,,,followup_needed,0,0,False,,no_prior,,No reliable period. Methods disagree at Tier 2 and Tier 3 could not resolve ambiguity. More observations needed.,False,,dense,7,1,37.0,1.9763888888410293,high,"gls,mbls,mhaov,ce,clean",,0,3,289.14722222217824,"Lg,Li,Lr"
2025 MV46,2026-03-20T18:49:56.759095+00:00,True,1.7021410705352675,0.3366065410451282,7.979800020804677,480,,True,False,1.7023541801684166,3.4040330137640544,1.7023541801684166,3.4040330137640544,61.88274557573427,1.1102230246251565e-16,0.5266668013731087,True,0.00019835665828120077,False,,,,,,,,,3.4040330137640544,0.0006752126132891225,confirmed,3,3,False,,no_prior,,"All 3 methods agree (spread=0.0%), p=1.11e-16, dense regime. High confidence.",False,84.9,dense,7,1,40.0,2.667777777824085,high,"gls,mbls,mhaov,ce,clean",,0,3,289.0866666667862,"Lg,Li,Lr"
2025 MW70,2026-03-20T18:50:06.923492+00:00,True,1.666138069034517,0.32754360962011625,8.709966752169418,259,,True,False,1.790117311825684,3.5918199466522425,1.790117311825684,3.5918199466522425,35.03939280362082,1.1102230246251565e-16,0.5835677723953511,True,0.003235911670240184,False,,,,,,,,,3.5918199466522425,0.011622812082773467,confirmed,3,3,False,,no_prior,,"All 3 methods agree (spread=0.3%), p=1.11e-16, dense regime. High confidence.",False,40.2,dense,5,1,66.0,2.6552777778706513,high,"gls,mbls,mhaov,ce,clean",,0,3,144.25638888875255,"Lg,Li,Lr"
2025 MX34,2026-03-20T18:50:13.217154+00:00,True,3.2982741370685336,0.8027042945130909,16.5601486567459,168,,False,True,7.718167676775176,5.826233081304354,7.718167676775176,7.718167676775176,147.19711781194036,1.1102230246251565e-16,1.0929698113452293,False,0.24512742851695465,True,False,True,5.826233081304354,4.660986465043483,5.8145416436830075,5.8379245189257,0.023382875242693224,24.22803128341097,,,followup_needed,0,0,False,,no_prior,,No reliable period. Methods disagree at Tier 2 and Tier 3 could not resolve ambiguity. More observations needed.,False,,dense,3,1,60.0,2.903333333437331,high,"gls,mbls,mhaov,ce,clean",,0,3,51.00916666671401,"Lg,Li,Lr"
2025 MX44,2026-03-20T18:50:32.621708+00:00,True,1.1500950475237617,0.09412177220696617,9.061464943658017,433,,True,False,1.1509374184937038,1.1509374184937038,1.1509374184937038,1.1509374184937038,30.610504446239503,1.1102230246251565e-16,1.05112993346433,True,0.0,False,,,,,,,,,1.1509374184937038,0.0,confirmed,2,2,False,,no_prior,,"All 3 methods agree (spread=0.0%), p=1.11e-16, dense regime. High confidence.",False,251.2,dense,7,1,38.0,2.67944444459863,high,"gls,mbls,mhaov,ce,clean",,0,3,289.1352777777356,"Lg,Li,Lr"
2025 MX50,2026-03-20T18:50:53.451291+00:00,True,1.94216108054027,0.34686137095620784,14.710155515867367,423,,True,False,1.9404550755223107,1.9404550755223107,1.9404550755223107,1.9404550755223107,124.4795705021227,1.1102230246251565e-16,0.720797620277501,True,0.0,False,,,,,,,,,1.9404550755223107,0.0,confirmed,2,2,False,,no_prior,,"All 3 methods agree (spread=0.0%), p=1.11e-16, dense regime. High confidence.",False,148.8,dense,7,1,33.0,2.67944444459863,high,"gls,mbls,mhaov,ce,clean",,0,3,288.8030555555597,"Lg,Li,Lr"
2025 MX63,2026-03-20T18:51:14.302203+00:00,True,4.138344172086042,0.2581422322311066,9.534129379253722,313,,False,True,3.517642939549288,8.286383253695876,3.517642939549288,3.517642939549288,44.34053973249003,1.1102230246251565e-16,1.1536296548897003,False,1.35566354973943,True,False,True,8.286383253695876,3.769407350607331,8.269755059875752,8.303011447515999,0.03325638764024674,3.3574305631386934,,,followup_needed,0,0,False,,no_prior,,No reliable period. Methods disagree at Tier 2 and Tier 3 could not resolve ambiguity. More observations needed.,False,,dense,6,1,44.0,2.808333333407063,high,"gls,mbls,mhaov,ce,clean",,0,3,216.8577777778264,"Lg,Li,Lr"
2025 MX69,2026-03-20T18:51:22.248418+00:00,True,3.826318159079539,0.7369437674794933,20.7032288810406,196,,False,True,14.520880247158358,7.647166240443413,14.520880247158358,14.520880247158358,147.5439265429728,1.1102230246251565e-16,1.4285227927918016,False,0.4733675844520247,True,False,True,7.647166240443413,7.345371719917553,7.618027350315339,7.676305130571487,0.05827778025614805,1.9178163484560589,,,followup_needed,0,0,False,,no_prior,,No reliable period. Methods disagree at Tier 2 and Tier 3 could not resolve ambiguity. More observations needed.,False,,dense,4,1,58.0,2.7726388888258953,high,"gls,mbls,mhaov,ce,clean",,0,3,98.84472222224576,"Lg,Li,Lr"
2025 MY23,2026-03-20T18:51:32.046907+00:00,True,1.4381190595297648,0.360951843357493,13.808681269401111,168,,True,False,3.057189726831554,3.0586105416397746,3.057189726831554,3.057189726831554,55.82540049789942,1.1102230246251565e-16,0.62139065712305,True,0.0004647453822542061,False,,,,,,,,,3.057189726831554,0.0014208148082199626,confirmed,3,3,False,,no_prior,,"All 3 methods agree (spread=0.0%), p=1.11e-16, dense regime. High confidence.",False,94.5,dense,7,1,22.0,2.514999999955762,high,"gls,mbls,mhaov,ce,clean",,0,3,289.0527777778334,"Lg,Li,Lr"
2025 MY77,2026-03-20T18:51:39.933067+00:00,True,3.814317158579289,0.4459722836123301,24.1025729376668,230,,False,True,6.5667027661379915,7.628419523591755,6.5667027661379915,6.5667027661379915,109.43881962812021,1.1102230246251565e-16,1.506410808604175,False,0.1616818661152861,True,False,True,7.628419523591755,5.631112338587896,7.617184498822166,7.639654548361344,0.022470049539177417,3.8018096296245973,,,followup_needed,0,0,False,,no_prior,,No reliable period. Methods disagree at Tier 2 and Tier 3 could not resolve ambiguity. More observations needed.,False,,dense,5,1,59.0,2.938055555569008,high,"gls,mbls,mhaov,ce,clean",,0,3,144.48138888878748,"Lg,Li,Lr"
2025 MZ78,2026-03-20T18:51:43.858866+00:00,True,0.5980490245122561,0.43480194243495107,10.606095375297638,166,,True,False,0.5843182529945801,1.1974837524088682,0.5843182529945801,1.1974837524088682,52.409848942291724,1.1102230246251565e-16,1.283337540411014,True,0.02468453301932956,False,,,,,,,,,1.1974837524088682,0.02955932722644737,confirmed,2,2,False,,no_prior,,"All 3 methods agree (spread=2.5%), p=1.11e-16, dense regime. High confidence.",False,82.7,dense,4,1,48.0,2.7962500000430737,high,"gls,mbls,mhaov,ce,clean",,0,3,99.01138888893183,"Lg,Li,Lr"
