provid,run_timestamp,t1_passes,t1_gls_period_hr,t1_gls_power,t1_snr,t1_n_obs,t1_reject_reason,t2_passes,t2_to_tier3,t2_mhaov_period_hr,t2_mbls_period_hr,t2_ce_period_hr,t2_consensus_period_hr,t2_F_stat,t2_p_value,t2_mbls_fap,t2_mbls_band_support_frac,t2_mbls_n_bands_supporting,t2_amplitude_mag,t2_agreement,t2_period_spread_pct,t2_mbls_top_periods,t2_mbls_top_powers,t3_ran,t3_publish_tentative,t3_needs_followup,t3_adopted_period_hr,t3_clean_period_hr,t3_ci_lo,t3_ci_hi,t3_ci_width,t3_clean_peak_ratio,final_period_hr,final_period_unc_hr,reliability,r_code,r_flag,alias_risk,alias_note,window_alias_risk,window_alias_note,lcdb_agreement,lcdb_delta_pct,reliability_notes,period_exceeds_grid,n_cycles,regime,n_nights,n_seasons,obs_per_night_median,night_duration_hr,reliability_ceiling,recommended_methods,lcdb_period_hr,lcdb_u_code,n_bands,baseline_hr,bands_used
2025 MA19,2026-03-23T01:00:23.179275+00:00,True,5.460980490245123,0.688592126164036,19.219711583128557,426,,True,False,4.437963275054737,4.437963275054737,,4.437963275054737,225.2743249543627,1.1102230246251565e-16,0.0,1.0,3,1.4991375034840275,mbls_confirmed,0.0,4.4369|5.4577|10.9203|8.8777|14.1609,0.783549|0.752523|0.735064|0.706060|0.667773,False,,,,,,,,,4.437963275054737,0.0,confirmed,3,3,False,,False,,no_prior,,"MHAOV confirms MBLS period (spread=0.0%), both gates significant (MHAOV p=1.11e-16, MBLS FAP=0.0000). Dense regime. High confidence.",False,48.9,dense,6,1,67.5,2.8320168054196984,high,"gls,mbls,mhaov,ce,clean",,0,3,216.81066972215194,"Lg,Li,Lr"
2025 MA45,2026-03-23T01:00:54.260264+00:00,True,0.8452797322348641,0.7233714332897729,17.08503775692257,119,,True,False,0.8453406001427419,1.6329561610139791,,1.6329561610139791,82.54847106379512,1.1102230246251565e-16,0.0,1.0,3,1.025102265415354,mbls_confirmed,0.48232498806439933,0.8168|0.8453|1.6911|0.7896|1.5791,0.828314|0.823391|0.802241|0.785232|0.771584,False,,,,,,,,,1.6329561610139791,0.7876155608707548,confirmed,2,2,False,,False,,no_prior,,"MHAOV confirms MBLS period (spread=48.2%), both gates significant (MHAOV p=1.11e-16, MBLS FAP=0.0000), sparse regime. Moderate confidence.",False,177.0,sparse,7,1,16.0,2.3601649999036454,medium,"mbls,mhaov,clean",,0,3,289.05278888874454,"Lg,Li,Lr"
2025 MA46,2026-03-23T01:01:26.888212+00:00,True,2.9334667333666835,0.3996564758769763,9.902096072672652,289,,True,False,5.874518811036551,11.739652016652139,,11.739652016652139,60.088644567022826,1.1102230246251565e-16,0.0,1.0,3,1.2377620090840815,mbls_confirmed,0.4996002604928728,2.9331|2.6111|5.2217|2.3535|3.3442,0.548541|0.543025|0.530414|0.476908|0.469818,False,,,,,,,,,11.739652016652139,5.865133205615088,confirmed,-1,-1-alias,True,"0.5-day alias (12.0hr, Δ=2.2%)",True,cadence alias: period 11.740hr sits on window peak (contamination=0.98 > 0.5). This alias arises from the specific observation gaps for this asteroid — not in fixed daily/annual list.,no_prior,,"Period 11.740hr is close to known alias: 0.5-day alias (12.0hr, Δ=2.2%). Independent confirmation required.",False,24.6,dense,7,1,25.0,2.6560127777047455,high,"gls,mbls,mhaov,ce,clean",,0,3,289.05278888874454,"Lg,Li,Lr"
2025 MC34,2026-03-23T01:01:55.198255+00:00,True,5.07303651825913,0.3827552487139207,11.869129139876188,301,,True,False,10.15458909950648,8.36955954423189,,8.36955954423189,60.571349464764296,1.1102230246251565e-16,0.0,1.0,3,1.329342463666133,mbls_sig_only,0.21327640311784113,10.1524|4.1855|5.0831|3.5603|7.1188,0.633788|0.680408|0.627918|0.614493|0.528960,False,,,,,,,,,8.36955954423189,1.7850295552743753,confirmed,2,2-cadence_alias_soft,False,,True,cadence alias: period 8.370hr sits on window peak (contamination=0.64 > 0.5). This alias arises from the specific observation gaps for this asteroid — not in fixed daily/annual list.,no_prior,,"MBLS significant (FAP=0.0000) — multi-band evidence. MHAOV (p=1.11e-16) does not confirm this period; single-band series less sensitive. Period adopted from MBLS. Moderate confidence (R=2, no independent confirmation). [R capped at 2: consensus period has window contamination=0.64]",False,34.5,dense,7,1,24.0,2.432423888705671,high,"gls,mbls,mhaov,ce,clean",,0,3,289.1241358334664,"Lg,Li,Lr"
2025 MD38,2026-03-23T01:02:30.240959+00:00,True,3.3919459729864934,0.3082557215498307,20.140464052174362,425,,True,False,4.753830371329037,9.489176730465477,,9.489176730465477,110.47587229920232,1.1102230246251565e-16,0.0,1.0,3,1.7723608365913437,mbls_confirmed,0.4990260476372913,3.9584|4.7421|9.5061|3.3965|5.9202,0.773231|0.778750|0.656206|0.550027|0.718818,False,,,,,,,,,9.489176730465477,4.735346359135941,confirmed,3,3,False,,False,,no_prior,,"MHAOV confirms MBLS period (spread=49.9%), both gates significant (MHAOV p=1.11e-16, MBLS FAP=0.0000). Dense regime. High confidence.",False,30.5,dense,7,1,40.0,2.65399194433121,high,"gls,mbls,mhaov,ce,clean",,0,3,289.1112744442653,"Lg,Li,Lr"
2025 MD40,2026-03-23T01:03:23.029788+00:00,True,2.0031146949429064,0.5731014877063795,9.819942455010585,388,,True,False,4.369922274759659,8.006291847954103,,8.006291847954103,132.12597539770636,1.1102230246251565e-16,0.0,1.0,3,1.276592519151376,mbls_confirmed,0.45418898564423593,4.0031|4.3699|2.0028|2.1858|1.8482,0.657631|0.634880|0.646771|0.642583|0.602547,False,,,,,,,,,8.006291847954103,3.636369573193989,confirmed,2,2-cadence_alias_soft,False,,True,cadence alias: period 8.006hr sits on window peak (contamination=0.88 > 0.5). This alias arises from the specific observation gaps for this asteroid — not in fixed daily/annual list.,no_prior,,"MHAOV confirms MBLS period (spread=45.4%), both gates significant (MHAOV p=1.11e-16, MBLS FAP=0.0000). Dense regime. High confidence. [R capped at 2: consensus period has window contamination=0.88]",False,36.1,dense,7,1,32.0,2.7141311108716764,high,"gls,mbls,mhaov,ce,clean",,0,3,289.15962249966105,"Lg,Li,Lr"
2025 MD67,2026-03-23T01:03:40.826892+00:00,True,2.921710855427714,0.574407033516501,14.55782049822876,210,,True,False,11.68560973475491,5.867253320366812,,5.867253320366812,99.50039637082793,1.1102230246251565e-16,0.0,1.0,3,0.8443535888972681,mbls_confirmed,0.9916661334853276,2.9336|3.3341|2.6172|6.7201|5.2554,0.803601|0.779102|0.749179|0.695522|0.691490,False,,,,,,,,,5.867253320366812,5.8183564143871065,confirmed,2,2-cadence_alias_soft,False,,True,cadence alias: period 5.867hr sits on window peak (contamination=0.84 > 0.5). This alias arises from the specific observation gaps for this asteroid — not in fixed daily/annual list.,no_prior,,"MHAOV confirms MBLS period (spread=99.2%), both gates significant (MHAOV p=1.11e-16, MBLS FAP=0.0000). Dense regime. High confidence. [R capped at 2: consensus period has window contamination=0.84]",False,8.7,dense,3,1,68.0,2.950031944666989,high,"gls,mbls,mhaov,ce,clean",,0,3,50.767665555293206,"Lg,Li,Lr"
2025 MD76,2026-03-23T01:04:12.826122+00:00,True,4.461730865432717,0.4933583135227923,12.629583239429838,386,,True,False,4.462037379500837,10.98972675149476,,10.98972675149476,123.5641583018246,1.1102230246251565e-16,0.0,1.0,3,1.1998104077458347,mbls_sig_only,0.5939810442607657,5.4935|4.4661|14.2955|8.9383|10.9911,0.710743|0.678481|0.647981|0.644487|0.665912,False,,,,,,,,,10.98972675149476,6.52768937199333,confirmed,2,2,False,,False,,no_prior,,"MBLS significant (FAP=0.0000) — multi-band evidence. MHAOV (p=1.11e-16) does not confirm this period; single-band series less sensitive. Period adopted from MBLS. Moderate confidence (R=2, no independent confirmation).",False,26.3,dense,7,1,36.0,2.7141311108716764,high,"gls,mbls,mhaov,ce,clean",,0,3,288.95625111070694,"Lg,Li,Lr"
2025 ME15,2026-03-23T01:04:44.778982+00:00,True,4.344172086043022,0.4209036816931544,19.323227513850235,323,,True,False,7.344154203806814,4.034199852657756,,4.034199852657756,69.94683811545143,1.1102230246251565e-16,0.0,1.0,3,1.6811207937049704,mbls_confirmed,0.8204735689947583,3.4488|3.0134|4.0320|6.8971|2.6752,0.851763|0.812420|0.873983|0.827150|0.726255,False,,,,,,,,,4.034199852657756,3.3099543511482374,confirmed,3,3,False,,False,,no_prior,,"MHAOV confirms MBLS period (spread=82.0%), both gates significant (MHAOV p=1.11e-16, MBLS FAP=0.0000). Dense regime. High confidence.",False,71.6,dense,7,1,21.0,2.1410327775520273,high,"gls,mbls,mhaov,ce,clean",,0,3,288.99222000018926,"Lg,Li,Lr"
2025 ME24,2026-03-23T01:05:36.464443+00:00,True,1.3087063393151306,0.3513619432661568,7.6689664832044615,361,,True,False,2.617589885299203,1.3842717632808517,,1.3842717632808517,48.66244557061196,1.1102230246251565e-16,0.0,1.0,3,0.9739587433669666,mbls_confirmed,0.8909508629247647,2.7687|1.3843|2.9388|2.6171|1.4691,0.371999|0.372463|0.360163|0.359369|0.359987,False,,,,,,,,,1.3842717632808517,1.2333181220174603,confirmed,2,2,False,,False,,no_prior,,"MHAOV confirms MBLS period (spread=89.1%), both gates significant (MHAOV p=1.11e-16, MBLS FAP=0.0000). Dense regime. High confidence.",False,208.7,dense,7,1,30.0,2.6677033334271982,high,"gls,mbls,mhaov,ce,clean",,0,3,288.8520455552498,"Lg,Li,Lr"
2025 ME68,2026-03-23T01:06:03.532002+00:00,True,2.0752876438219108,0.13320752936820657,6.9959641525049845,183,,True,False,0.9471913087586414,0.9471913087586414,,0.9471913087586414,49.865639986380856,1.1102230246251565e-16,0.0,1.0,3,1.1053623360957876,mbls_confirmed,0.0,0.9472|0.9288|0.9665|0.9110|0.4833,0.531164|0.504463|0.474967|0.438129|0.451925,False,,,,,,,,,0.9471913087586414,0.0,confirmed,2,2,False,,False,,no_prior,,"MHAOV confirms MBLS period (spread=0.0%), both gates significant (MHAOV p=1.11e-16, MBLS FAP=0.0000), sparse regime. Moderate confidence.",False,305.1,sparse,7,1,17.0,1.7217047222075053,medium,"mbls,mhaov,clean",,0,3,288.99222000018926,"Lg,Li,Lr"
2025 MF76,2026-03-23T01:06:31.600179+00:00,True,2.026746295287049,0.3198568866821642,8.624649213230702,213,,True,False,2.02722737440114,2.0279489050426402,,2.0279489050426402,48.732964811892316,1.1102230246251565e-16,0.0,1.0,3,0.3449859685292281,mbls_confirmed,0.0003557933041140988,2.0272|2.2163|4.4314|1.8692|2.4428,0.508154|0.499754|0.413381|0.408296|0.389858,False,,,,,,,,,2.0279489050426402,0.0007215306414996897,confirmed,2,2,False,,False,,no_prior,,"MHAOV confirms MBLS period (spread=0.0%), both gates significant (MHAOV p=1.11e-16, MBLS FAP=0.0000). Dense regime. High confidence.",False,71.2,dense,5,1,52.0,2.6552808330743574,high,"gls,mbls,mhaov,ce,clean",,0,3,144.3975911111338,"Lg,Li,Lr"
2025 MG17,2026-03-23T01:06:56.636456+00:00,True,2.345672836418209,0.5368885982890869,9.177204603385544,272,,True,False,2.1382971541503237,8.55420245951001,,8.55420245951001,88.77235703507988,1.1102230246251565e-16,0.0,1.0,3,0.7617079820810002,mbls_sig_only,0.7500296299658125,4.2771|2.1375|2.3483|5.2073|2.5900,0.649073|0.646245|0.631436|0.569426|0.579551,False,,,,,,,,,8.55420245951001,6.415905305358936,confirmed,2,2-cadence_alias_soft,False,,True,cadence alias: period 8.554hr sits on window peak (contamination=0.80 > 0.5). This alias arises from the specific observation gaps for this asteroid — not in fixed daily/annual list.,no_prior,,"MBLS significant (FAP=0.0000) — multi-band evidence. MHAOV (p=1.11e-16) does not confirm this period; single-band series less sensitive. Period adopted from MBLS. Moderate confidence (R=2, no independent confirmation). [R capped at 2: consensus period has window contamination=0.80]",False,16.9,dense,5,1,71.0,2.629886388836894,high,"gls,mbls,mhaov,ce,clean",,0,3,144.33734861091943,"Lg,Li,Lr"
2025 MG56,2026-03-23T01:07:49.806082+00:00,True,0.13149689131915263,0.6738145838961118,13.432227457100256,212,,True,False,0.1314958075316281,0.1314958075316281,,0.1314958075316281,101.84703962552068,1.1102230246251565e-16,0.0,1.0,3,1.1954682436819226,mbls_confirmed,0.0,0.1315|0.2674|0.1308|0.1322|0.2660,0.665267|0.601077|0.548668|0.484418|0.316957,False,,,,,,,,,0.1314958075316281,0.0,confirmed,2,2,False,,False,,no_prior,,"MHAOV confirms MBLS period (spread=0.0%), both gates significant (MHAOV p=1.11e-16, MBLS FAP=0.0000). Dense regime. High confidence.",False,2198.8,dense,7,1,28.0,2.6560127777047455,high,"gls,mbls,mhaov,ce,clean",,0,3,289.1364166663843,"Lg,Li,Lr"
2025 MH40,2026-03-23T01:08:21.104323+00:00,True,3.0040020010005004,0.45472065816077234,20.23910556933731,362,,True,False,2.2000608860745148,9.672296578653082,,9.672296578653082,89.26569525283979,1.1102230246251565e-16,0.0,1.0,3,1.2244658869449072,mbls_sig_only,0.7725399683327683,3.0020|3.4425|3.4378|4.0269|6.8658,0.582878|0.558536|0.557276|0.580972|0.540965,False,,,,,,,,,9.672296578653082,7.472235692577795,confirmed,2,2,False,,False,,no_prior,,"MBLS significant (FAP=0.0000) — multi-band evidence. MHAOV (p=1.11e-16) does not confirm this period; single-band series less sensitive. Period adopted from MBLS. Moderate confidence (R=2, no independent confirmation).",False,22.4,dense,6,1,57.5,2.8203648611088283,high,"gls,mbls,mhaov,ce,clean",,0,3,216.9175488887122,"Lg,Li,Lr"
2025 MH69,2026-03-23T01:08:52.130932+00:00,True,2.945222611305653,0.6074600028296127,9.492664623912232,278,,True,False,5.247794624621154,6.717736962967862,,6.717736962967862,138.14436408701883,1.1102230246251565e-16,0.0,1.0,3,1.06317843787817,mbls_sig_only,0.21881510789268482,3.3589|2.9477|6.7207|5.2468|3.9105,0.732309|0.712483|0.707601|0.681733|0.666880,False,,,,,,,,,6.717736962967862,1.4699423383464896,confirmed,2,2,False,,False,,no_prior,,"MBLS significant (FAP=0.0000) — multi-band evidence. MHAOV (p=1.11e-16) does not confirm this period; single-band series less sensitive. Period adopted from MBLS. Moderate confidence (R=2, no independent confirmation).",False,43.0,dense,7,1,20.0,2.6909327778266743,high,"gls,mbls,mhaov,ce,clean",,0,3,288.97929361090064,"Lg,Li,Lr"
2025 MH75,2026-03-23T01:09:30.903617+00:00,True,2.32216108054027,0.5764031150436311,11.151153105136078,398,,True,False,2.115310255179591,8.463419090793021,,8.463419090793021,148.36484847684554,1.1102230246251565e-16,0.0,1.0,3,0.9143945546211585,mbls_sig_only,0.7500643377708316,2.1153|3.8855|4.2322|2.3216|4.6429,0.601101|0.594796|0.609008|0.578644|0.577823,False,,,,,,,,,8.463419090793021,6.348108835612681,confirmed,2,2-cadence_alias_soft,False,,True,cadence alias: period 8.463hr sits on window peak (contamination=0.65 > 0.5). This alias arises from the specific observation gaps for this asteroid — not in fixed daily/annual list.,no_prior,,"MBLS significant (FAP=0.0000) — multi-band evidence. MHAOV (p=1.11e-16) does not confirm this period; single-band series less sensitive. Period adopted from MBLS. Moderate confidence (R=2, no independent confirmation). [R capped at 2: consensus period has window contamination=0.65]",False,34.1,dense,7,1,31.0,2.6677033334271982,high,"gls,mbls,mhaov,ce,clean",,0,3,288.8754769443185,"Lg,Li,Lr"
2025 MH86,2026-03-23T01:10:12.131951+00:00,True,2.416208104052026,0.48527839696141783,12.755408172168435,455,,True,False,2.1939284508551604,2.194869950425522,,2.194869950425522,113.38433641456389,1.1102230246251565e-16,0.0,1.0,3,1.2500300008725067,mbls_confirmed,0.0004289546039748938,2.1949|4.3904|2.4185|2.0099|4.0171,0.568543|0.544257|0.513376|0.503374|0.509186,False,,,,,,,,,2.194869950425522,0.0009414995703611746,confirmed,2,2,False,,False,,no_prior,,"MHAOV confirms MBLS period (spread=0.0%), both gates significant (MHAOV p=1.11e-16, MBLS FAP=0.0000). Dense regime. High confidence.",False,131.6,dense,7,1,37.0,2.6909016664722003,high,"gls,mbls,mhaov,ce,clean",,0,3,288.8520455552498,"Lg,Li,Lr"
2025 MJ13,2026-03-23T01:10:33.134552+00:00,True,2.416208104052026,0.49369629049641905,10.03469989681667,113,,True,False,4.393272626677364,3.4182190559948067,,3.4182190559948067,36.73881853405317,1.1102230246251565e-16,0.0,1.0,3,0.9934352897848504,mbls_sig_only,0.285251926430005,3.4177|4.3877|4.1971|2.1976|2.4205,0.573505|0.553841|0.552395|0.539216|0.545063,False,,,,,,,,,3.4182190559948067,0.9750535706822718,confirmed,2,2,False,,False,,no_prior,,"MBLS significant (FAP=0.0000) — multi-band evidence. MHAOV (p=1.11e-16) does not confirm this period; single-band series less sensitive. Period adopted from MBLS. Moderate confidence (R=2, no independent confirmation). [R capped at 2: consensus period has window contamination=0.51]",False,70.4,dense,5,1,26.0,1.7591736112372018,high,"gls,mbls,mhaov,ce,clean",,0,3,240.48538083321182,"Lg,Li,Lr"
2025 MJ21,2026-03-23T01:11:02.572507+00:00,True,1.690708618986662,0.6201620761868323,11.147156313970587,256,,True,False,1.691397426323755,1.691397426323755,,1.691397426323755,106.99825651522848,1.1102230246251565e-16,0.0,1.0,3,0.5907992846404411,mbls_confirmed,0.0,3.3847|3.6396|1.6914|1.8179|3.1653,0.621496|0.613833|0.626493|0.616539|0.604023,False,,,,,,,,,1.691397426323755,0.0,confirmed,2,2,False,,False,,no_prior,,"MHAOV confirms MBLS period (spread=0.0%), both gates significant (MHAOV p=1.11e-16, MBLS FAP=0.0000). Dense regime. High confidence.",False,57.9,dense,4,1,75.5,2.7793223609332927,high,"gls,mbls,mhaov,ce,clean",,0,3,97.90844388882397,"Lg,Li,Lr"
2025 MJ23,2026-03-23T01:11:17.781706+00:00,True,3.1803401700850427,0.682054654747031,12.991785214184372,121,,True,False,3.198936069029159,2.8294572082011427,,2.8294572082011427,77.4961743147122,1.1102230246251565e-16,0.0,1.0,3,1.0913099579914873,mbls_sig_only,0.13058294706029003,3.2019|2.8295|5.6601|2.5374|3.6846,0.788291|0.791566|0.754043|0.729670|0.714152,False,,,,,,,,,2.8294572082011427,0.36947886082788584,confirmed,2,2,False,,False,,no_prior,,"MBLS significant (FAP=0.0000) — multi-band evidence. MHAOV (p=1.11e-16) does not confirm this period; single-band series less sensitive. Period adopted from MBLS. Moderate confidence (R=2, no independent confirmation).",False,18.0,dense,3,1,43.0,2.726570277591236,high,"gls,mbls,mhaov,ce,clean",,0,3,51.03205916681327,"Lg,Li,Lr"
2025 MJ30,2026-03-23T01:11:48.799612+00:00,True,2.804152076038019,0.6159964000655949,11.390101502517723,270,,True,False,2.50556740770329,11.202637128141376,,11.202637128141376,139.22345497961493,1.1102230246251565e-16,0.0,1.0,3,1.0364992367291128,mbls_sig_only,0.7763412865163684,2.8013|2.5065|5.0132|5.6023|2.2682,0.688004|0.678325|0.675906|0.691919|0.621677,False,,,,,,,,,11.202637128141376,8.69706972043731,confirmed,2,2-cadence_alias_soft,False,,True,cadence alias: period 11.203hr sits on window peak (contamination=0.58 > 0.5). This alias arises from the specific observation gaps for this asteroid — not in fixed daily/annual list.,no_prior,,"MBLS significant (FAP=0.0000) — multi-band evidence. MHAOV (p=1.11e-16) does not confirm this period; single-band series less sensitive. Period adopted from MBLS. Moderate confidence (R=2, no independent confirmation). [R capped at 2: consensus period has window contamination=0.59]",False,25.8,dense,7,1,27.0,2.6909327778266743,high,"gls,mbls,mhaov,ce,clean",,0,3,288.87647027755156,"Lg,Li,Lr"
2025 MJ71,2026-03-23T01:12:09.939830+00:00,True,18.76863431715858,0.0896475315365462,8.064744124907469,243,,True,False,7.083641633778168,18.124104293831277,,18.124104293831277,6.929700205908093,2.716143633418877e-05,0.0,0.6666666666666666,2,1.1855173863613977,mbls_sig_only,0.6091590779363499,18.1424|10.3269|4.5082|5.5718|7.0791,0.120142|0.112661|0.112880|0.101025|0.104864,False,,,,,,,,,18.124104293831277,11.040462660052501,confirmed,2,2,False,,False,,no_prior,,"MBLS significant (FAP=0.0000) — multi-band evidence. MHAOV (p=2.72e-05) does not confirm this period; single-band series less sensitive. Period adopted from MBLS. Moderate confidence (R=2, no independent confirmation).",False,8.0,dense,5,1,49.0,2.724945555324666,high,"gls,mbls,mhaov,ce,clean",,0,3,144.51624472194817,"Lg,Li,Lr"
2025 MJ79,2026-03-23T01:12:41.144494+00:00,True,0.49271938154273803,0.2636058451684039,3.163117347717483,56,,True,False,0.4876660498390014,0.4876660498390014,,0.4876660498390014,6.333650256500878,0.00032335470436772873,0.08,1.0,3,0.5978291787186043,mbls_confirmed,0.0,0.4877|0.4927|0.4826|0.4980|0.0949,0.338900|0.331832|0.314483|0.304152|0.291702,False,,,,,,,,,0.4876660498390014,0.0,confirmed,2,2,False,,False,,no_prior,,"MHAOV confirms MBLS period (spread=0.0%), one gate significant (MHAOV p=3.23e-04, MBLS FAP=0.0800), sparse regime. Moderate confidence.",False,295.8,sparse,4,1,8.0,1.980464444583049,medium,"mbls,mhaov,clean",,0,2,144.23279750015354,"Lg,Li,Lr"
2025 MK23,2026-03-23T01:13:00.823291+00:00,True,15.958979489744873,0.38517961528201655,17.112578869296048,106,,True,False,6.174902876562405,12.36115534220089,,12.36115534220089,25.321654546313297,1.532107773982716e-14,0.0,1.0,3,1.360450020109036,mbls_confirmed,0.5004590828592022,7.1056|5.4735|3.0850|6.1840|2.7360,0.619777|0.609481|0.598202|0.665993|0.581105,False,,,,,,,,,12.36115534220089,6.186252465637985,confirmed,-1,-1-alias,True,"0.5-day alias (12.0hr, Δ=3.0%)",True,cadence alias: period 12.361hr sits on window peak (contamination=0.98 > 0.5). This alias arises from the specific observation gaps for this asteroid — not in fixed daily/annual list.,no_prior,,"Period 12.361hr is close to known alias: 0.5-day alias (12.0hr, Δ=3.0%). Independent confirmation required.",False,23.4,sparse,7,1,14.0,2.1479952777153812,medium,"mbls,mhaov,clean",,0,3,289.04050805582665,"Lg,Li,Lr"
2025 MK41,2026-03-23T01:14:10.656230+00:00,True,0.06276326507693342,0.09918482909618327,12.459554986309328,402,,True,False,0.06276286704613826,0.06276286704613826,,0.06276286704613826,36.58845045637786,1.1102230246251565e-16,0.0,1.0,3,0.5855990843565384,mbls_confirmed,0.0,0.0628|0.0632|0.1256|0.0316|0.1265,0.303979|0.103097|0.076729|0.069979|0.058098,False,,,,,,,,,0.06276286704613826,0.0,confirmed,2,2,False,,False,,no_prior,,"MHAOV confirms MBLS period (spread=0.0%), both gates significant (MHAOV p=1.11e-16, MBLS FAP=0.0000). Dense regime. High confidence.",False,4606.0,dense,7,1,30.0,2.1402383329113945,high,"gls,mbls,mhaov,ce,clean",,0,3,289.086698333791,"Lg,Li,Lr"
2025 MK68,2026-03-23T01:14:26.791591+00:00,True,2.827663831915958,0.4650072725667654,18.189111201214974,135,,True,False,2.531657173836212,11.110181828658659,,11.110181828658659,72.63343083683483,1.1102230246251565e-16,0.0,1.0,3,0.9822120048656087,mbls_sig_only,0.7721317965016029,2.8188|2.5267|5.5575|3.1894|2.2862,0.737498|0.731637|0.744209|0.683803|0.653410,False,,,,,,,,,11.110181828658659,8.578524654821674,confirmed,2,2-cadence_alias_soft,False,,True,cadence alias: period 11.110hr sits on window peak (contamination=0.99 > 0.5). This alias arises from the specific observation gaps for this asteroid — not in fixed daily/annual list.,no_prior,,"MBLS significant (FAP=0.0000) — multi-band evidence. MHAOV (p=1.11e-16) does not confirm this period; single-band series less sensitive. Period adopted from MBLS. Moderate confidence (R=2, no independent confirmation). [R capped at 2: consensus period has window contamination=0.99]",False,4.6,dense,3,1,43.0,2.903363888792228,high,"gls,mbls,mhaov,ce,clean",,0,3,51.03212888870621,"Lg,Li,Lr"
2025 MK83,2026-03-23T01:14:59.751313+00:00,True,2.698349174587294,0.3193931990105485,12.017377539214932,328,,True,False,3.491944033614912,6.08605601799392,,6.08605601799392,42.25062203110162,1.1102230246251565e-16,0.0,1.0,3,1.1416508662254186,mbls_sig_only,0.42623859798675506,5.3969|3.0440|2.6994|6.9765|6.0781,0.542036|0.581515|0.552598|0.506123|0.549971,False,,,,,,,,,6.08605601799392,2.594111984378582,confirmed,2,2-cadence_alias_soft,False,,True,cadence alias: period 6.086hr sits on window peak (contamination=0.59 > 0.5). This alias arises from the specific observation gaps for this asteroid — not in fixed daily/annual list.,no_prior,,"MBLS significant (FAP=0.0000) — multi-band evidence. MHAOV (p=1.11e-16) does not confirm this period; single-band series less sensitive. Period adopted from MBLS. Moderate confidence (R=2, no independent confirmation). [R capped at 2: consensus period has window contamination=0.60]",False,47.5,dense,7,1,34.0,2.6909016664722003,high,"gls,mbls,mhaov,ce,clean",,0,3,289.14734166674316,"Lg,Li,Lr"
2025 MK88,2026-03-23T01:15:41.142399+00:00,True,1.2607844078405714,0.3657934299784962,8.50958084334478,217,,True,False,1.2609177987704245,1.2613918160350477,,1.2613918160350477,24.111899923300808,2.220446049250313e-16,0.0,1.0,3,1.123264671321511,mbls_confirmed,0.000375789075683684,1.2614|1.3315|2.5232|2.6640|1.1983,0.510450|0.502743|0.510353|0.506612|0.454706,False,,,,,,,,,1.2613918160350477,0.00047401726462277413,confirmed,2,2,False,,False,,no_prior,,"MHAOV confirms MBLS period (spread=0.0%), both gates significant (MHAOV p=2.22e-16, MBLS FAP=0.0000). Dense regime. High confidence.",False,229.0,dense,7,1,29.0,2.6909016664722003,high,"gls,mbls,mhaov,ce,clean",,0,3,288.8180927778594,"Lg,Li,Lr"
2025 ML10,2026-03-23T01:16:05.282054+00:00,True,4.473486743371685,0.4048294563446132,15.120382325895491,264,,True,False,11.003618859112995,4.099643621651336,,4.099643621651336,79.87170237983172,1.1102230246251565e-16,0.0,1.0,3,1.5271586149154448,mbls_sig_only,1.684042778986495,3.5079|7.0145|4.1019|3.0593|9.8731,0.859641|0.855935|0.883024|0.796354|0.760608,False,,,,,,,,,4.099643621651336,6.903975237459974,confirmed,2,2,False,,False,,no_prior,,"MBLS significant (FAP=0.0000) — multi-band evidence. MHAOV (p=1.11e-16) does not confirm this period; single-band series less sensitive. Period adopted from MBLS. Moderate confidence (R=2, no independent confirmation).",False,35.2,dense,5,1,77.0,2.9498280557454564,high,"gls,mbls,mhaov,ce,clean",,0,3,144.26734055543784,"Lg,Li,Lr"
2025 ML17,2026-03-23T01:16:31.614188+00:00,True,3.3684342171085544,0.494745718508147,8.923817251099553,239,,True,False,6.7296455480952595,6.730256801526699,,6.730256801526699,71.12923935801771,1.1102230246251565e-16,0.0,1.0,3,1.160096242642942,mbls_confirmed,9.082170999786825e-05,6.7315|3.3635|5.2535|3.9154|2.9472,0.570237|0.538987|0.519812|0.506150|0.488673,False,,,,,,,,,6.730256801526699,0.0006112534314394382,confirmed,2,2,False,,False,,no_prior,,"MHAOV confirms MBLS period (spread=0.0%), both gates significant (MHAOV p=1.11e-16, MBLS FAP=0.0000), sparse regime. Moderate confidence.",False,43.0,sparse,7,1,19.0,1.7591736112372018,medium,"mbls,mhaov,clean",,0,3,289.11039111111313,"Lg,Li,Lr"
2025 ML35,2026-03-23T01:16:59.238940+00:00,True,10.621810905452726,0.5840290440116113,11.671901052611103,401,,True,False,21.261841069632215,42.57276565402134,,42.57276565402134,183.24580656675658,1.1102230246251565e-16,0.0,1.0,3,1.2605653136819992,mbls_confirmed,0.5005764661280735,14.7267|7.3735|9.3170|5.6358|10.6493,0.638070|0.651381|0.574213|0.588695|0.669825,False,,,,,,,,,42.57276565402134,21.310924584388623,confirmed,3,3,False,,False,,no_prior,,"MHAOV confirms MBLS period (spread=50.1%), both gates significant (MHAOV p=1.11e-16, MBLS FAP=0.0000). Dense regime. High confidence.",True,6.8,dense,7,1,32.0,2.6792111107497476,high,"gls,mbls,mhaov,ce,clean",,0,3,288.84051833313424,"Lg,Li,Lr"
2025 ML52,2026-03-23T01:17:35.311741+00:00,True,3.8621810905452727,0.5773472691353181,11.703579004620217,424,,True,False,4.599990931645469,22.91702512685063,,22.91702512685063,136.1184122759084,1.1102230246251565e-16,0.0,1.0,3,1.1586543214574014,mbls_sig_only,0.7992762626831217,3.8578|4.6006|3.3219|9.2179|6.6458,0.674384|0.653448|0.594370|0.625995|0.572826,False,,,,,,,,,22.91702512685063,18.317034195204364,confirmed,-1,-1-alias,True,"1-day alias (24.0hr, Δ=4.5%)",True,cadence alias: period 22.917hr sits on window peak (contamination=1.00 > 0.5). This alias arises from the specific observation gaps for this asteroid — not in fixed daily/annual list.,no_prior,,"Period 22.917hr is close to known alias: 1-day alias (24.0hr, Δ=4.5%). Independent confirmation required.",False,12.6,dense,7,1,33.0,2.6909016664722003,high,"gls,mbls,mhaov,ce,clean",,0,3,288.86418944463367,"Lg,Li,Lr"
2025 ML53,2026-03-23T01:18:05.585559+00:00,True,3.12635934882652,0.5242706564666499,13.196535127211247,83,,True,False,3.9464006663671225,4.726701917680552,,4.726701917680552,29.202421195139845,7.66053886991358e-15,0.0,1.0,3,1.016133204795266,mbls_sig_only,0.16508365979130066,4.7272|2.9466|3.3589|5.8898|2.6243,0.805787|0.769606|0.739681|0.751656|0.752584,False,,,,,,,,,4.726701917680552,0.7803012513132647,confirmed,2,2,False,,False,,no_prior,,"MBLS significant (FAP=0.0000) — multi-band evidence. MHAOV (p=7.66e-15) does not confirm this period; single-band series less sensitive. Period adopted from MBLS. Moderate confidence (R=2, no independent confirmation).",False,61.2,sparse,6,1,13.0,2.041191666503437,medium,"mbls,mhaov,clean",,0,3,289.0404744442203,"Lg,Li,Lr"
2025 MM37,2026-03-23T01:18:50.268755+00:00,True,2.006464531203026,0.3412588584880335,9.637366538172975,290,,True,False,2.0042899009163024,3.6989539097035347,,3.6989539097035347,46.2001550493686,1.1102230246251565e-16,0.0,1.0,3,0.6360661915194163,mbls_confirmed,0.45814683020005476,1.8499|1.7197|3.7016|2.0048|3.4382,0.515703|0.486394|0.435934|0.463868|0.412512,False,,,,,,,,,3.6989539097035347,1.694664008786774,confirmed,2,2,False,,False,,no_prior,,"MHAOV confirms MBLS period (spread=45.8%), both gates significant (MHAOV p=1.11e-16, MBLS FAP=0.0000). Dense regime. High confidence.",False,58.6,dense,6,1,43.0,2.110459166520741,high,"gls,mbls,mhaov,ce,clean",,0,3,216.62039999995613,"Lg,Li,Lr"
2025 MM81,2026-03-23T01:19:44.076351+00:00,True,0.5502812677869672,0.7278623459364457,14.503856384979427,383,,True,False,1.1011494915061275,1.1011494915061275,,1.1011494915061275,311.5238733576547,1.1102230246251565e-16,0.0,1.0,3,1.4068740693430044,mbls_confirmed,0.0,1.1011|0.5507|1.0763|0.5636|1.1274,0.851591|0.780684|0.767915|0.753561|0.741273,False,,,,,,,,,1.1011494915061275,0.0,confirmed,2,2,False,,False,,no_prior,,"MHAOV confirms MBLS period (spread=0.0%), both gates significant (MHAOV p=1.11e-16, MBLS FAP=0.0000). Dense regime. High confidence.",False,196.9,dense,7,1,38.0,2.9383944444707595,high,"gls,mbls,mhaov,ce,clean",,0,3,216.85979999997653,"Lg,Li,Lr"
2025 MM82,2026-03-23T01:20:22.078351+00:00,True,2.510255127563782,0.5809244014393709,12.242098231974728,402,,True,False,2.50771747300879,11.215529210534186,,11.215529210534186,147.03425118796005,1.1102230246251565e-16,0.0,1.0,3,1.2364519214294476,mbls_sig_only,0.776406674537106,5.0165|5.6087|2.5087|4.5403|2.2696,0.680776|0.700681|0.696733|0.666821|0.674489,False,,,,,,,,,11.215529210534186,8.70781173752462,confirmed,2,2,False,,False,,no_prior,,"MBLS significant (FAP=0.0000) — multi-band evidence. MHAOV (p=1.11e-16) does not confirm this period; single-band series less sensitive. Period adopted from MBLS. Moderate confidence (R=2, no independent confirmation). [R capped at 2: consensus period has window contamination=0.50]",False,25.8,dense,7,1,34.0,2.7141311108716764,high,"gls,mbls,mhaov,ce,clean",,0,3,288.87647027755156,"Lg,Li,Lr"
2025 MN25,2026-03-23T01:20:59.099702+00:00,True,1.734367183591796,0.0276281664598709,11.594275605044219,317,,True,False,0.36386302013183836,0.35575734901391376,,0.35575734901391376,48.907419509006196,1.1102230246251565e-16,0.0,1.0,3,1.1014561824792009,mbls_confirmed,0.022784268941651004,0.3558|0.3639|0.3667|0.1779|0.3610,0.397048|0.387531|0.355284|0.246905|0.237612,False,,,,,,,,,0.35575734901391376,0.008105671117901812,confirmed,2,2,False,,False,,no_prior,,"MHAOV confirms MBLS period (spread=2.3%), both gates significant (MHAOV p=1.11e-16, MBLS FAP=0.0000). Dense regime. High confidence.",False,812.6,dense,7,1,24.0,2.6560127777047455,high,"gls,mbls,mhaov,ce,clean",,0,3,289.0746552780038,"Lg,Li,Lr"
2025 MN37,2026-03-23T01:21:31.852140+00:00,True,2.651325662831416,0.46303757099156845,29.06527397512758,391,,True,False,5.969434589972531,7.960934379604529,,7.960934379604529,170.53809948305866,1.1102230246251565e-16,0.0,0.6666666666666666,2,1.4532636987563792,mbls_sig_only,0.25015905101967173,3.4119|2.9849|3.9805|5.3062|2.6525,0.819372|0.819397|0.829584|0.785585|0.754905,False,,,,,,,,,7.960934379604529,1.9914997896317481,confirmed,2,2-cadence_alias_soft,False,,True,cadence alias: period 7.961hr sits on window peak (contamination=0.89 > 0.5). This alias arises from the specific observation gaps for this asteroid — not in fixed daily/annual list.,no_prior,,"MBLS significant (FAP=0.0000) — multi-band evidence. MHAOV (p=1.11e-16) does not confirm this period; single-band series less sensitive. Period adopted from MBLS. Moderate confidence (R=2, no independent confirmation). [R capped at 2: consensus period has window contamination=0.89]",False,27.2,dense,6,1,58.5,2.834950833261246,high,"gls,mbls,mhaov,ce,clean",,0,3,216.8353224999737,"Lg,Li,Lr"
2025 MN45,2026-03-23T01:22:52.354642+00:00,True,0.046413013024676125,0.04714835607819957,13.03141319999228,494,,True,False,0.09388788109369113,0.03130706343489906,,0.03130706343489906,16.936688933115548,5.135891711915974e-13,0.0,1.0,3,0.6776334863995985,mbls_sig_only,1.9989360479920373,0.0313|0.0939|0.0464|0.0630|0.0946,0.154768|0.097862|0.068248|0.058468|0.058483,False,,,,,,,,,0.03130706343489906,0.06258081765679313,confirmed,2,2,False,,False,,no_prior,,"MBLS significant (FAP=0.0000) — multi-band evidence. MHAOV (p=5.14e-13) does not confirm this period; single-band series less sensitive. Period adopted from MBLS. Moderate confidence (R=2, no independent confirmation).",False,9234.3,dense,7,1,33.0,2.432423888705671,high,"gls,mbls,mhaov,ce,clean",,0,3,289.0989936113474,"Lg,Li,Lr"
2025 MN7,2026-03-23T01:23:22.027759+00:00,True,5.29639819909955,0.6291958984782998,12.974501275922373,347,,True,False,13.659756341251908,10.57867264385717,,10.57867264385717,103.10900545896448,1.1102230246251565e-16,0.0,1.0,3,1.2325776212126254,mbls_sig_only,0.2912542812432686,5.2878|4.3291|6.7992|9.5194|10.5792,0.773824|0.725318|0.753621|0.707135|0.715044,False,,,,,,,,,10.57867264385717,3.0810836973944475,confirmed,2,2,False,,False,,no_prior,,"MBLS significant (FAP=0.0000) — multi-band evidence. MHAOV (p=1.11e-16) does not confirm this period; single-band series less sensitive. Period adopted from MBLS. Moderate confidence (R=2, no independent confirmation).",False,27.3,dense,7,1,30.0,2.6909327778266743,high,"gls,mbls,mhaov,ce,clean",,0,3,289.05278888874454,"Lg,Li,Lr"
2025 MO35,2026-03-23T01:23:58.810912+00:00,True,3.145072536268134,0.681950164834468,16.422929046689926,404,,True,False,6.286762742833958,3.1437419461535763,,3.1437419461535763,226.08530988663227,1.1102230246251565e-16,0.0,1.0,3,0.9689528137547055,mbls_confirmed,0.9997706079294847,3.1432|3.6197|2.7767|4.2680|6.2883,0.853128|0.811757|0.812550|0.705180|0.818259,False,,,,,,,,,3.1437419461535763,3.1430207966793824,confirmed,3,3,False,,False,,no_prior,,"MHAOV confirms MBLS period (spread=100.0%), both gates significant (MHAOV p=1.11e-16, MBLS FAP=0.0000). Dense regime. High confidence.",False,91.9,dense,7,1,36.0,2.6909016664722003,high,"gls,mbls,mhaov,ce,clean",,0,3,289.0635336113046,"Lg,Li,Lr"
2025 MO39,2026-03-23T01:24:14.185404+00:00,True,2.4632316158079037,0.2882802101096303,16.869020843197312,122,,True,False,2.465296905480853,3.53718917345392,,3.53718917345392,46.147330471923134,1.1102230246251565e-16,0.0,1.0,3,1.3916942195637783,mbls_sig_only,0.3030350415005102,7.0725|3.0916|3.5404|2.7430|4.1312,0.807475|0.821161|0.834213|0.739601|0.823094,False,,,,,,,,,3.53718917345392,1.071892267972764,confirmed,2,2,False,,False,,no_prior,,"MBLS significant (FAP=0.0000) — multi-band evidence. MHAOV (p=1.11e-16) does not confirm this period; single-band series less sensitive. Period adopted from MBLS. Moderate confidence (R=2, no independent confirmation).",False,14.4,dense,3,1,38.0,2.7854855554760434,high,"gls,mbls,mhaov,ce,clean",,0,3,51.03205916681327,"Lg,Li,Lr"
2025 MO47,2026-03-23T01:24:40.978252+00:00,True,4.579289644822412,0.5105146686241959,8.119127191335375,275,,True,False,9.140978538577247,9.147356485336095,,9.147356485336095,61.30015407710857,1.1102230246251565e-16,0.0,1.0,3,1.2097499515089707,mbls_confirmed,0.0006972448017163729,9.1466|4.5744|5.6602|14.8333|7.4181,0.563316|0.540773|0.536247|0.497764|0.482952,False,,,,,,,,,9.147356485336095,0.006377946758847144,confirmed,3,3,False,,False,,no_prior,,"MHAOV confirms MBLS period (spread=0.1%), both gates significant (MHAOV p=1.11e-16, MBLS FAP=0.0000). Dense regime. High confidence.",False,31.6,dense,7,1,22.0,1.7591736112372018,high,"gls,mbls,mhaov,ce,clean",,0,3,288.91099916707026,"Lg,Li,Lr"
2025 MO79,2026-03-23T01:25:03.133386+00:00,True,4.167833916958479,0.3435091732778237,7.734223481577839,122,,True,False,3.095953104654889,2.7396128112657303,,2.7396128112657303,26.700068555245778,9.992007221626409e-16,0.0,1.0,3,0.9745121586788077,mbls_sig_only,0.13006958206783809,2.7401|5.4750|2.4578|4.9170|3.0941,0.535810|0.491937|0.489943|0.488547|0.511081,False,,,,,,,,,2.7396128112657303,0.3563402933890285,confirmed,2,2,False,,False,,no_prior,,"MBLS significant (FAP=0.0000) — multi-band evidence. MHAOV (p=9.99e-16) does not confirm this period; single-band series less sensitive. Period adopted from MBLS. Moderate confidence (R=2, no independent confirmation).",False,105.5,sparse,7,1,17.0,1.7591736112372018,medium,"mbls,mhaov,clean",,0,3,289.0281936113024,"Lg,Li,Lr"
2025 MP21,2026-03-23T01:25:36.680826+00:00,True,3.1098049024512258,0.5772773516477709,11.877790865516328,312,,True,False,3.1122753822482636,2.7519130619782217,,2.7519130619782217,147.98244076952582,1.1102230246251565e-16,0.0,1.0,3,0.9977344327033716,mbls_sig_only,0.130949747377144,2.7524|3.1113|5.4994|2.4682|3.5779,0.722215|0.692961|0.683846|0.624214|0.580586,False,,,,,,,,,2.7519130619782217,0.36036232026991094,confirmed,2,2,False,,False,,no_prior,,"MBLS significant (FAP=0.0000) — multi-band evidence. MHAOV (p=1.11e-16) does not confirm this period; single-band series less sensitive. Period adopted from MBLS. Moderate confidence (R=2, no independent confirmation).",False,105.1,dense,7,1,26.0,2.1410327775520273,high,"gls,mbls,mhaov,ce,clean",,0,3,289.14734166674316,"Lg,Li,Lr"
2025 MP47,2026-03-23T01:26:12.451377+00:00,True,2.204602301150575,0.4111632793713503,8.282928102277566,374,,True,False,2.206535795298197,2.206535795298197,,2.206535795298197,100.91990215674126,1.1102230246251565e-16,0.0,1.0,3,0.6170781436196786,mbls_confirmed,0.0,2.2065|2.4320|2.0183|4.4108|2.7064,0.582509|0.551819|0.513976|0.500641|0.467584,False,,,,,,,,,2.206535795298197,0.0,confirmed,3,3,False,,False,,no_prior,,"MHAOV confirms MBLS period (spread=0.0%), both gates significant (MHAOV p=1.11e-16, MBLS FAP=0.0000). Dense regime. High confidence.",False,131.0,dense,7,1,31.0,2.6909327778266743,high,"gls,mbls,mhaov,ce,clean",,0,3,289.0868497219635,"Lg,Li,Lr"
2025 MP61,2026-03-23T01:26:55.277402+00:00,True,1.4782045467704181,0.46299804513054493,7.866338355571106,264,,True,False,2.9557597847405055,2.9557597847405055,,2.9557597847405055,74.3380530223712,1.1102230246251565e-16,0.0,1.0,3,1.1917502608690225,mbls_confirmed,0.0,2.9558|1.4777|2.7834|1.3911|2.6296,0.530784|0.503050|0.495503|0.492698|0.474043,False,,,,,,,,,2.9557597847405055,0.0,confirmed,3,3,False,,False,,no_prior,,"MHAOV confirms MBLS period (spread=0.0%), both gates significant (MHAOV p=1.11e-16, MBLS FAP=0.0000). Dense regime. High confidence.",False,73.4,dense,6,1,39.0,2.741172083246056,high,"gls,mbls,mhaov,ce,clean",,0,3,216.83374083327362,"Lg,Li,Lr"
2025 MP67,2026-03-23T01:27:14.218091+00:00,True,3.1098049024512258,0.5069506574578233,12.541106296752243,194,,True,False,3.115890534696415,8.246914438851949,,8.246914438851949,77.94305508527295,1.1102230246251565e-16,0.0,1.0,3,0.9844768442950511,mbls_sig_only,0.6221749894702678,2.7585|3.1114|3.5378|4.1355|2.4762,0.730755|0.722561|0.753779|0.775789|0.665836,False,,,,,,,,,8.246914438851949,5.131023904154911,confirmed,2,2-cadence_alias_soft,False,,True,cadence alias: period 8.247hr sits on window peak (contamination=0.95 > 0.5). This alias arises from the specific observation gaps for this asteroid — not in fixed daily/annual list.,no_prior,,"MBLS significant (FAP=0.0000) — multi-band evidence. MHAOV (p=1.11e-16) does not confirm this period; single-band series less sensitive. Period adopted from MBLS. Moderate confidence (R=2, no independent confirmation). [R capped at 2: consensus period has window contamination=0.95]",False,12.0,dense,4,1,57.5,2.7849936110142153,high,"gls,mbls,mhaov,ce,clean",,0,3,98.90432416676776,"Lg,Li,Lr"
2025 MP71,2026-03-23T01:27:43.147718+00:00,True,4.579289644822412,0.6196953204295732,15.603634403310656,342,,True,False,4.550949251080567,9.090813263774745,,9.090813263774745,137.777136917078,1.1102230246251565e-16,0.0,1.0,3,0.7645780857622222,mbls_confirmed,0.4993903054619128,4.5462|3.8177|5.6714|4.5747|7.4474,0.711019|0.687537|0.681760|0.659886|0.617036,False,,,,,,,,,9.090813263774745,4.539864012693679,confirmed,3,3,False,,False,,no_prior,,"MHAOV confirms MBLS period (spread=49.9%), both gates significant (MHAOV p=1.11e-16, MBLS FAP=0.0000). Dense regime. High confidence.",False,31.8,dense,7,1,33.0,2.6909327778266743,high,"gls,mbls,mhaov,ce,clean",,0,3,289.1112744442653,"Lg,Li,Lr"
2025 MQ58,2026-03-23T01:28:24.995515+00:00,True,1.4486215317327715,0.4232904387084376,9.678754828471414,287,,True,False,1.4484489997443466,6.167256472626435,,6.167256472626435,53.74873364094871,1.1102230246251565e-16,0.0,1.0,3,1.103378050445741,mbls_sig_only,0.7651388415296009,3.0836|1.4484|2.8966|1.5417|1.3661,0.438769|0.432523|0.424815|0.426763|0.391338,False,,,,,,,,,6.167256472626435,4.718807472881323,confirmed,2,2-cadence_alias_soft,False,,True,cadence alias: period 6.167hr sits on window peak (contamination=0.60 > 0.5). This alias arises from the specific observation gaps for this asteroid — not in fixed daily/annual list.,no_prior,,"MBLS significant (FAP=0.0000) — multi-band evidence. MHAOV (p=1.11e-16) does not confirm this period; single-band series less sensitive. Period adopted from MBLS. Moderate confidence (R=2, no independent confirmation). [R capped at 2: consensus period has window contamination=0.60]",False,46.9,dense,7,1,21.0,2.6560127777047455,high,"gls,mbls,mhaov,ce,clean",,0,3,289.1112744442653,"Lg,Li,Lr"
2025 MR33,2026-03-23T01:29:24.970508+00:00,True,1.6270636264591,0.3864617969367698,13.250279600625882,464,,True,False,1.6270404062156594,1.7465555933364432,,1.7465555933364432,81.69271768135549,1.1102230246251565e-16,0.0,1.0,3,0.8148921954384918,mbls_confirmed,0.0684290769653691,1.7466|1.6275|3.4935|3.2549|3.0471,0.517003|0.515718|0.510299|0.509329|0.500584,False,,,,,,,,,1.7465555933364432,0.11951518712071536,confirmed,2,2,False,,False,,no_prior,,"MHAOV confirms MBLS period (spread=6.8%), both gates significant (MHAOV p=1.11e-16, MBLS FAP=0.0000). Dense regime. High confidence.",False,165.5,dense,7,1,35.0,2.7141311108716764,high,"gls,mbls,mhaov,ce,clean",,0,3,288.9685224998393,"Lg,Li,Lr"
2025 MS34,2026-03-23T01:30:08.061217+00:00,True,1.1579294517037402,0.6019927098521174,9.96530548964649,291,,True,False,2.3168554957463696,2.315906042237699,,2.315906042237699,111.92362167716121,1.1102230246251565e-16,0.0,1.0,3,1.1360448258196998,mbls_confirmed,0.00040997065137957095,2.3159|1.1580|2.2100|2.4313|1.1054,0.611603|0.603108|0.586776|0.584064|0.583381,False,,,,,,,,,2.315906042237699,0.0009494535086700737,confirmed,3,3,False,,False,,no_prior,,"MHAOV confirms MBLS period (spread=0.0%), both gates significant (MHAOV p=1.11e-16, MBLS FAP=0.0000). Dense regime. High confidence.",False,62.3,dense,5,1,66.0,2.6909016664722003,high,"gls,mbls,mhaov,ce,clean",,0,3,144.30261833325494,"Lg,Li,Lr"
2025 MS7,2026-03-23T01:30:23.636418+00:00,True,2.275137568784392,0.733812902607294,9.876655718857428,111,,True,False,2.2800607339425194,2.2778001241104984,,2.2778001241104984,85.53600776492988,1.1102230246251565e-16,0.0,1.0,3,1.1259387519497468,mbls_confirmed,0.0009924531165362142,4.5565|2.2801|2.0834|1.9184|3.8354,0.754629|0.762334|0.748260|0.680894|0.666229,False,,,,,,,,,2.2778001241104984,0.0022606098320200395,confirmed,3,3,False,,False,,no_prior,,"MHAOV confirms MBLS period (spread=0.1%), both gates significant (MHAOV p=1.11e-16, MBLS FAP=0.0000). Dense regime. High confidence.",False,22.4,dense,3,1,37.0,2.6552808330743574,high,"gls,mbls,mhaov,ce,clean",,0,3,51.03205916681327,"Lg,Li,Lr"
2025 MT24,2026-03-23T01:30:54.684054+00:00,True,4.449974987493746,0.7040078351601117,37.88218728487046,375,,True,False,7.507590772894746,15.004138226046834,,15.004138226046834,327.070555196505,1.1102230246251565e-16,0.0,1.0,3,1.8562271769586527,mbls_confirmed,0.4996319908688762,4.4446|7.5013|3.7466|8.8888|3.2370,0.879551|0.886016|0.856367|0.884159|0.748632,False,,,,,,,,,15.004138226046834,7.496547453151589,confirmed,3,3,False,,False,,no_prior,,"MHAOV confirms MBLS period (spread=50.0%), both gates significant (MHAOV p=1.11e-16, MBLS FAP=0.0000). Dense regime. High confidence.",False,14.5,dense,6,1,55.0,2.8347527776204515,high,"gls,mbls,mhaov,ce,clean",,0,3,216.88224472221918,"Lg,Li,Lr"
2025 MU10,2026-03-23T01:31:25.888199+00:00,True,3.2273636818409206,0.6034138919258802,10.367650247460784,446,,True,False,3.737258033289034,12.918551511991076,,12.918551511991076,176.00176085521935,1.1102230246251565e-16,0.0,1.0,3,0.6635296158374901,mbls_sig_only,0.7107061089766294,3.2281|6.4639|5.6874|3.7361|2.8428,0.752987|0.791631|0.738550|0.720227|0.706354,False,,,,,,,,,12.918551511991076,9.181293478701331,confirmed,2,2-cadence_alias_soft,False,,True,cadence alias: period 12.919hr sits on window peak (contamination=0.98 > 0.5). This alias arises from the specific observation gaps for this asteroid — not in fixed daily/annual list.,no_prior,,"MBLS significant (FAP=0.0000) — multi-band evidence. MHAOV (p=1.11e-16) does not confirm this period; single-band series less sensitive. Period adopted from MBLS. Moderate confidence (R=2, no independent confirmation). [R capped at 2: consensus period has window contamination=0.98]",False,11.3,dense,6,1,64.5,2.8381908332230523,high,"gls,mbls,mhaov,ce,clean",,0,3,146.5100352773443,"Lg,Li,Lr"
2025 MU15,2026-03-23T01:31:45.334064+00:00,True,15.218359179589795,0.090796818445906,6.051672931166235,171,,True,False,9.689747695305105,9.674180382490643,,9.674180382490643,5.126263413584315,0.0006412984369393859,0.01,1.0,3,0.9561643231242651,mbls_confirmed,0.0016091609003523538,9.6722|19.9603|16.2008|4.5175|19.4641,0.131399|0.097398|0.121080|0.089521|0.085553,False,,,,,,,,,9.674180382490643,0.015567312814459722,confirmed,2,2,False,,False,,no_prior,,"MHAOV confirms MBLS period (spread=0.2%), one gate significant (MHAOV p=6.41e-04, MBLS FAP=0.0100), sparse regime. Moderate confidence.",False,29.9,sparse,7,1,19.0,2.442470555717591,medium,"mbls,mhaov,clean",,0,3,289.12374972214457,"Lg,Li,Lr"
2025 MU24,2026-03-23T01:32:42.102488+00:00,True,1.107481000821727,0.38698262042908305,10.2383514016434,456,,True,False,2.215672909326771,1.107624964125632,,1.107624964125632,72.00703306610083,1.1102230246251565e-16,0.0,1.0,3,0.9316899775495493,mbls_confirmed,1.0003818811314356,1.1076|1.0582|2.1164|2.2152|1.1618,0.386706|0.376664|0.380206|0.386504|0.353561,False,,,,,,,,,1.107624964125632,1.1080479452001386,confirmed,2,2,False,,False,,no_prior,,"MHAOV confirms MBLS period (spread=100.0%), both gates significant (MHAOV p=1.11e-16, MBLS FAP=0.0000). Dense regime. High confidence.",False,195.6,dense,6,1,64.5,2.555817499727709,high,"gls,mbls,mhaov,ce,clean",,0,3,216.69474972237367,"Lg,Li,Lr"
2025 MU59,2026-03-23T01:33:20.149261+00:00,True,4.109054527263632,0.38237375896916004,16.12723404521025,480,,True,False,8.222281390858933,8.198851643365828,,8.198851643365828,142.40033032197366,1.1102230246251565e-16,0.0,1.0,3,0.6692802128762254,mbls_confirmed,0.0028576864800403242,4.0910|3.4952|6.9906|4.9503|9.8997,0.827792|0.723455|0.737838|0.762953|0.664697,False,,,,,,,,,8.198851643365828,0.02342974749310292,confirmed,2,2-cadence_alias_soft,False,,True,cadence alias: period 8.199hr sits on window peak (contamination=0.82 > 0.5). This alias arises from the specific observation gaps for this asteroid — not in fixed daily/annual list.,no_prior,,"MHAOV confirms MBLS period (spread=0.3%), both gates significant (MHAOV p=1.11e-16, MBLS FAP=0.0000). Dense regime. High confidence. [R capped at 2: consensus period has window contamination=0.84]",False,35.3,dense,7,1,38.0,2.6909016664722003,high,"gls,mbls,mhaov,ce,clean",,0,3,289.0989936113474,"Lg,Li,Lr"
2025 MU8,2026-03-23T01:33:52.305493+00:00,True,0.9819909954977488,0.08222311367399332,9.198048337254763,275,,True,False,0.8230254487530971,0.8230254487530971,,0.8230254487530971,99.7568164841947,1.1102230246251565e-16,0.0,1.0,3,1.1129638488078262,mbls_confirmed,0.0,0.8230|0.4115|0.4187|0.8092|0.8378,0.656937|0.639987|0.588367|0.573651|0.561545,False,,,,,,,,,0.8230254487530971,0.0,confirmed,2,2,False,,False,,no_prior,,"MHAOV confirms MBLS period (spread=0.0%), both gates significant (MHAOV p=1.11e-16, MBLS FAP=0.0000). Dense regime. High confidence.",False,351.1,dense,7,1,24.0,2.6909327778266743,high,"gls,mbls,mhaov,ce,clean",,0,3,288.95632805587957,"Lg,Li,Lr"
2025 MU9,2026-03-23T01:34:20.860400+00:00,True,2.4397198599299648,0.32709857056602787,12.17957087218461,319,,True,False,4.431267981273675,4.886056291730677,,4.886056291730677,62.948231937923154,1.1102230246251565e-16,0.0,1.0,3,1.0961613784966149,mbls_confirmed,0.09307881107031202,2.4439|2.2187|2.7221|4.4355|5.4456,0.721788|0.686776|0.641897|0.636121|0.639044,False,,,,,,,,,4.886056291730677,0.45478831045690904,confirmed,3,3,False,,False,,no_prior,,"MHAOV confirms MBLS period (spread=9.3%), both gates significant (MHAOV p=1.11e-16, MBLS FAP=0.0000). Dense regime. High confidence.",False,29.5,dense,5,1,82.0,2.978964166890364,high,"gls,mbls,mhaov,ce,clean",,0,3,144.33782416657778,"Lg,Li,Lr"
2025 MV19,2026-03-23T01:34:44.788793+00:00,True,3.721110555277639,0.6987390263499494,16.276011228133882,237,,True,False,4.390714141154601,3.715586377060475,,3.715586377060475,180.04281525397076,1.1102230246251565e-16,0.0,1.0,3,1.139320785969372,mbls_sig_only,0.18170153929460267,3.7156|3.2110|4.3931|7.4453|5.3787,0.802910|0.786143|0.752351|0.760393|0.696984,False,,,,,,,,,3.715586377060475,0.6751277640939443,confirmed,2,2,False,,False,,no_prior,,"MBLS significant (FAP=0.0000) — multi-band evidence. MHAOV (p=1.11e-16) does not confirm this period; single-band series less sensitive. Period adopted from MBLS. Moderate confidence (R=2, no independent confirmation).",False,38.8,dense,5,1,50.0,2.629886388836894,high,"gls,mbls,mhaov,ce,clean",,0,3,144.25620222219732,"Lg,Li,Lr"
2025 MV31,2026-03-23T01:35:11.721866+00:00,True,2.898199099549775,0.39037900800905434,9.953675049742278,271,,True,False,2.5902772016131443,2.900506838249795,,2.900506838249795,57.42306063811576,1.1102230246251565e-16,0.0,1.0,3,1.035182205173197,mbls_sig_only,0.10695704369507379,2.5874|2.9005|5.1720|4.6611|3.3028,0.612534|0.619724|0.578891|0.547569|0.548868,False,,,,,,,,,2.900506838249795,0.3102296366365436,confirmed,2,2,False,,False,,no_prior,,"MBLS significant (FAP=0.0000) — multi-band evidence. MHAOV (p=1.11e-16) does not confirm this period; single-band series less sensitive. Period adopted from MBLS. Moderate confidence (R=2, no independent confirmation).",False,49.8,dense,5,1,67.0,2.973643333360087,high,"gls,mbls,mhaov,ce,clean",,0,3,144.45564249978634,"Lg,Li,Lr"
2025 MV38,2026-03-23T01:35:39.173349+00:00,True,2.397931087363814,0.4829156206213036,11.43553649426364,241,,True,False,2.184812350612167,6.008443661809645,,6.008443661809645,68.54506592203137,1.1102230246251565e-16,0.0,1.0,3,1.0635048939665186,mbls_sig_only,0.6363763274506974,3.0042|2.6663|3.4412|5.3325|6.8814,0.763069|0.728383|0.719090|0.696900|0.662873,False,,,,,,,,,6.008443661809645,3.823631311196842,confirmed,2,2-cadence_alias_soft,False,,True,cadence alias: period 6.008hr sits on window peak (contamination=0.68 > 0.5). This alias arises from the specific observation gaps for this asteroid — not in fixed daily/annual list.,no_prior,,"MBLS significant (FAP=0.0000) — multi-band evidence. MHAOV (p=1.11e-16) does not confirm this period; single-band series less sensitive. Period adopted from MBLS. Moderate confidence (R=2, no independent confirmation). [R capped at 2: consensus period has window contamination=0.68]",False,24.0,dense,5,1,53.0,2.9601047221804038,high,"gls,mbls,mhaov,ce,clean",,0,3,144.2568794445251,"Lg,Li,Lr"
2025 MV4,2026-03-23T01:36:13.767852+00:00,True,2.9569784892446225,0.5855975883761616,9.039105206014494,338,,True,False,5.269147321415663,5.92042675020584,,5.92042675020584,149.31784273585956,1.1102230246251565e-16,0.0,1.0,3,1.2654747288420292,mbls_sig_only,0.11000548714962531,2.6331|5.2668|2.9582|2.3712|6.7524,0.645677|0.646387|0.639243|0.589189|0.599009,False,,,,,,,,,5.92042675020584,0.6512794287900664,confirmed,2,2-cadence_alias_soft,False,,True,cadence alias: period 5.920hr sits on window peak (contamination=0.67 > 0.5). This alias arises from the specific observation gaps for this asteroid — not in fixed daily/annual list.,no_prior,,"MBLS significant (FAP=0.0000) — multi-band evidence. MHAOV (p=1.11e-16) does not confirm this period; single-band series less sensitive. Period adopted from MBLS. Moderate confidence (R=2, no independent confirmation). [R capped at 2: consensus period has window contamination=0.67]",False,48.8,dense,7,1,37.0,1.9761361112468876,high,"gls,mbls,mhaov,ce,clean",,0,3,289.14734166674316,"Lg,Li,Lr"
2025 MV46,2026-03-23T01:37:11.443520+00:00,True,1.7023231502324074,0.33381056686966837,7.964291011682691,479,,True,False,1.702254482922641,6.807886378455033,,6.807886378455033,61.099416326435765,1.1102230246251565e-16,0.0,0.6666666666666666,2,0.5256432067710576,mbls_sig_only,0.7499584469696016,3.4039|1.7018|1.8327|3.6653|1.5888,0.346538|0.343971|0.336754|0.326629|0.315580,False,,,,,,,,,6.807886378455033,5.105631895531642,confirmed,2,2,False,,False,,no_prior,,"MBLS significant (FAP=0.0000) — multi-band evidence. MHAOV (p=1.11e-16) does not confirm this period; single-band series less sensitive. Period adopted from MBLS. Moderate confidence (R=2, no independent confirmation).",False,42.5,dense,7,1,40.0,2.6677033334271982,high,"gls,mbls,mhaov,ce,clean",,0,3,289.086698333791,"Lg,Li,Lr"
2025 MV71,2026-03-23T01:38:12.483537+00:00,True,0.1066464806039763,0.15558583570492449,12.572366501926144,317,,True,False,0.10688541652852951,0.21377083305705902,,0.21377083305705902,98.93453305001454,1.1102230246251565e-16,0.0,1.0,3,0.9932169536521653,mbls_confirmed,0.49999999999766104,0.1069|0.1064|0.1074|0.1078|0.1059,0.559994|0.555801|0.542434|0.481175|0.431688,False,,,,,,,,,0.21377083305705902,0.1068854165280295,confirmed,2,2,False,,False,,no_prior,,"MHAOV confirms MBLS period (spread=50.0%), both gates significant (MHAOV p=1.11e-16, MBLS FAP=0.0000). Dense regime. High confidence.",False,1352.6,dense,7,1,26.0,2.6909327778266743,high,"gls,mbls,mhaov,ce,clean",,0,3,289.1364166663843,"Lg,Li,Lr"
2025 MW70,2026-03-23T01:38:47.844626+00:00,True,1.7916944623187296,0.3379327297510596,8.709968502032474,259,,True,False,1.7907607610568879,7.182556953046667,,7.182556953046667,35.073600695663266,1.1102230246251565e-16,0.0,1.0,3,0.5835678896361758,mbls_sig_only,0.7506792117676087,3.5925|3.1289|3.8793|1.7908|3.3369,0.369108|0.356825|0.349780|0.354094|0.345468,False,,,,,,,,,7.182556953046667,5.391796191989029,confirmed,2,2,False,,False,,no_prior,,"MBLS significant (FAP=0.0000) — multi-band evidence. MHAOV (p=1.11e-16) does not confirm this period; single-band series less sensitive. Period adopted from MBLS. Moderate confidence (R=2, no independent confirmation).",False,20.1,dense,5,1,66.0,2.6552808330743574,high,"gls,mbls,mhaov,ce,clean",,0,3,144.25620222219732,"Lg,Li,Lr"
2025 MX34,2026-03-23T01:39:06.125398+00:00,True,2.9099549774887445,0.805103463187644,16.56015338067832,168,,True,False,7.720330152700113,5.831267118707869,,5.831267118707869,147.86053055313687,1.1102230246251565e-16,0.0,1.0,3,1.092970123124769,mbls_sig_only,0.32395412447003646,6.6109|2.6065|2.9156|5.2062|3.3075,0.836936|0.870876|0.873289|0.830729|0.824292,False,,,,,,,,,5.831267118707869,1.8890630339919199,confirmed,2,2-cadence_alias_soft,False,,True,cadence alias: period 5.831hr sits on window peak (contamination=0.75 > 0.5). This alias arises from the specific observation gaps for this asteroid — not in fixed daily/annual list.,no_prior,,"MBLS significant (FAP=0.0000) — multi-band evidence. MHAOV (p=1.11e-16) does not confirm this period; single-band series less sensitive. Period adopted from MBLS. Moderate confidence (R=2, no independent confirmation). [R capped at 2: consensus period has window contamination=0.75]",False,8.7,dense,3,1,60.0,2.903363888792228,high,"gls,mbls,mhaov,ce,clean",,0,3,51.008971388801,"Lg,Li,Lr"
2025 MX44,2026-03-23T01:40:18.087632+00:00,True,0.3774022542333154,0.14765366574159744,9.034233622153723,432,,True,False,1.1509039707348703,1.1509039707348703,,1.1509039707348703,31.568715507597926,1.1102230246251565e-16,0.0,1.0,3,1.047971100169832,mbls_confirmed,0.0,1.1509|1.0979|0.7670|0.7795|0.3834,0.197809|0.187816|0.165727|0.166352|0.164999,False,,,,,,,,,1.1509039707348703,0.0,confirmed,2,2,False,,False,,no_prior,,"MHAOV confirms MBLS period (spread=0.0%), both gates significant (MHAOV p=1.11e-16, MBLS FAP=0.0000). Dense regime. High confidence.",False,251.2,dense,7,1,38.0,2.6792111107497476,high,"gls,mbls,mhaov,ce,clean",,0,3,289.1351977773593,"Lg,Li,Lr"
2025 MX50,2026-03-23T01:41:11.219165+00:00,True,1.9416306371131018,0.34506475145184157,15.00920141511539,422,,True,False,1.9403119565967577,1.9403119565967577,,1.9403119565967577,124.31843339512125,1.1102230246251565e-16,0.0,1.0,3,0.7279462686330964,mbls_confirmed,0.0,1.9403|1.7946|2.1129|3.8826|3.5902,0.555428|0.502538|0.484258|0.391736|0.374763,False,,,,,,,,,1.9403119565967577,0.0,confirmed,2,2,False,,False,,no_prior,,"MHAOV confirms MBLS period (spread=0.0%), both gates significant (MHAOV p=1.11e-16, MBLS FAP=0.0000). Dense regime. High confidence.",False,148.8,dense,7,1,33.0,2.6792111107497476,high,"gls,mbls,mhaov,ce,clean",,0,3,288.8030472222017,"Lg,Li,Lr"
2025 MX63,2026-03-23T01:41:38.581245+00:00,True,4.132566283141571,0.25907281178446634,9.534129048060954,313,,True,False,3.5172992695996457,4.143426600146419,,4.143426600146419,44.319358923714574,1.1102230246251565e-16,0.0,1.0,3,1.1536296148153755,mbls_sig_only,0.15111341190996264,4.1443|3.5258|7.0563|10.0414|5.0163,0.602146|0.570167|0.547966|0.501652|0.517617,False,,,,,,,,,4.143426600146419,0.6261273305466218,confirmed,2,2,False,,False,,no_prior,,"MBLS significant (FAP=0.0000) — multi-band evidence. MHAOV (p=1.11e-16) does not confirm this period; single-band series less sensitive. Period adopted from MBLS. Moderate confidence (R=2, no independent confirmation).",False,52.3,dense,6,1,44.0,2.8083612499467563,high,"gls,mbls,mhaov,ce,clean",,0,3,216.8577141665155,"Lg,Li,Lr"
2025 MX69,2026-03-23T01:41:57.599965+00:00,True,3.8269134567283642,0.7364818888804767,20.703237026086914,196,,True,False,14.520700212714527,7.648496880138871,,7.648496880138871,147.5237522570892,1.1102230246251565e-16,0.0,1.0,3,1.4285233547999971,mbls_confirmed,0.8985037766597064,3.8260|3.3102|6.6101|9.0815|4.5362,0.806631|0.790921|0.751649|0.749910|0.753612,False,,,,,,,,,7.648496880138871,6.872203332574757,confirmed,2,2-cadence_alias_soft,False,,True,cadence alias: period 7.648hr sits on window peak (contamination=0.94 > 0.5). This alias arises from the specific observation gaps for this asteroid — not in fixed daily/annual list.,no_prior,,"MHAOV confirms MBLS period (spread=89.9%), both gates significant (MHAOV p=1.11e-16, MBLS FAP=0.0000). Dense regime. High confidence. [R capped at 2: consensus period has window contamination=0.94]",False,12.9,dense,4,1,58.0,2.7726012500643265,high,"gls,mbls,mhaov,ce,clean",,0,3,98.84475111082429,"Lg,Li,Lr"
2025 MY23,2026-03-23T01:42:22.949475+00:00,True,2.228114057028514,0.3081578598782109,13.808681998878816,168,,True,False,3.0573012810931557,3.0587230529002776,,3.0587230529002776,55.809874997567306,1.1102230246251565e-16,0.0,1.0,3,0.6213906899495467,mbls_confirmed,0.0004648252824894684,3.0582|3.2677|1.5294|2.8748|1.6336,0.561900|0.534863|0.539912|0.521267|0.527004,False,,,,,,,,,3.0587230529002776,0.0014217718071214208,confirmed,3,3,False,,False,,no_prior,,"MHAOV confirms MBLS period (spread=0.0%), both gates significant (MHAOV p=1.11e-16, MBLS FAP=0.0000). Dense regime. High confidence.",False,94.5,dense,7,1,22.0,2.514866389275994,high,"gls,mbls,mhaov,ce,clean",,0,3,289.05278888874454,"Lg,Li,Lr"
2025 MY77,2026-03-23T01:42:45.737485+00:00,True,3.8151575787893948,0.44516986779741186,24.102575831262456,230,,True,False,6.565482648631592,7.627568895421499,,7.627568895421499,109.4537337980734,1.1102230246251565e-16,0.0,1.0,3,1.5064109894539035,mbls_sig_only,0.13924308798145266,7.6168|3.8096|5.6484|6.5727|3.2857,0.844607|0.785299|0.740336|0.794590|0.753858,False,,,,,,,,,7.627568895421499,1.0620862467897674,confirmed,2,2-cadence_alias_soft,False,,True,cadence alias: period 7.628hr sits on window peak (contamination=0.88 > 0.5). This alias arises from the specific observation gaps for this asteroid — not in fixed daily/annual list.,no_prior,,"MBLS significant (FAP=0.0000) — multi-band evidence. MHAOV (p=1.11e-16) does not confirm this period; single-band series less sensitive. Period adopted from MBLS. Moderate confidence (R=2, no independent confirmation). [R capped at 2: consensus period has window contamination=0.88]",False,18.9,dense,5,1,59.0,2.938025000214111,high,"gls,mbls,mhaov,ce,clean",,0,3,144.481293610821,"Lg,Li,Lr"
2025 MZ78,2026-03-23T01:43:13.144890+00:00,True,0.5848191070632898,0.5356677621578643,10.606095081382373,166,,True,False,0.5846823748047613,1.1978236775247066,,1.1978236775247066,52.76356800433344,1.1102230246251565e-16,0.0,1.0,3,1.283337504847267,mbls_confirmed,0.5118794311918138,1.1978|0.5990|0.5847|1.1692|1.1415,0.585948|0.570278|0.568117|0.555138|0.533360,False,,,,,,,,,1.1978236775247066,0.6131413027194335,confirmed,2,2,False,,False,,no_prior,,"MHAOV confirms MBLS period (spread=51.2%), both gates significant (MHAOV p=1.11e-16, MBLS FAP=0.0000). Dense regime. High confidence.",False,82.7,dense,4,1,48.0,2.7961595832312014,high,"gls,mbls,mhaov,ce,clean",,0,3,99.0114383334294,"Lg,Li,Lr"
